{
  "model": "qwen3_5-flash",
  "dataset": "/home/isrc/myx/Mem-R-benchmark/data/locomo10.json",
  "total_questions": 199,
  "category_distribution": {
    "2": 37,
    "3": 13,
    "1": 32,
    "4": 70,
    "5": 47
  },
  "aggregate_metrics": {
    "overall": {
      "exact_match": {
        "mean": 0.21608040201005024,
        "std": 0.4126077619483662,
        "median": 0,
        "min": 0,
        "max": 1,
        "count": 199
      },
      "f1": {
        "mean": 0.4006774157298924,
        "std": 0.3915979702885324,
        "median": 0.30769230769230765,
        "min": 0.0,
        "max": 1.0,
        "count": 199
      },
      "rouge1_f": {
        "mean": 0.455729991106005,
        "std": 0.39869047970518073,
        "median": 0.4347826086956522,
        "min": 0.0,
        "max": 1.0,
        "count": 199
      },
      "rouge2_f": {
        "mean": 0.300913257219495,
        "std": 0.39318029731526516,
        "median": 0.0,
        "min": 0.0,
        "max": 1.0,
        "count": 199
      },
      "rougeL_f": {
        "mean": 0.44890889243969306,
        "std": 0.39705391078060337,
        "median": 0.4000000000000001,
        "min": 0.0,
        "max": 1.0,
        "count": 199
      },
      "bleu1": {
        "mean": 0.38081215883167896,
        "std": 0.39511898438599447,
        "median": 0.24525296078096154,
        "min": 0,
        "max": 1.0,
        "count": 199
      },
      "bleu2": {
        "mean": 0.30337343340938494,
        "std": 0.36730933162031854,
        "median": 0.1353352832366127,
        "min": 0,
        "max": 1.0,
        "count": 199
      },
      "bleu3": {
        "mean": 0.23411544088284644,
        "std": 0.3230691691716371,
        "median": 0.0674702317531295,
        "min": 0,
        "max": 1.0,
        "count": 199
      },
      "bleu4": {
        "mean": 0.17813420140068895,
        "std": 0.2651684748816247,
        "median": 0.05314049749131566,
        "min": 0,
        "max": 1.0,
        "count": 199
      },
      "bert_precision": {
        "mean": 0.9106912802566182,
        "std": 0.06837306478603959,
        "median": 0.9011447429656982,
        "min": 0.7545775771141052,
        "max": 1.0000001192092896,
        "count": 198
      },
      "bert_recall": {
        "mean": 0.9007459294916403,
        "std": 0.07429664841324146,
        "median": 0.887742280960083,
        "min": 0.7215210199356079,
        "max": 1.0000001192092896,
        "count": 198
      },
      "bert_f1": {
        "mean": 0.9006640722404173,
        "std": 0.09395388217559997,
        "median": 0.8909479975700378,
        "min": 0.0,
        "max": 1.0000001192092896,
        "count": 199
      },
      "meteor": {
        "mean": 0.3576414457878351,
        "std": 0.36931050446816666,
        "median": 0.2380952380952381,
        "min": 0.0,
        "max": 0.9997724169321802,
        "count": 199
      },
      "sbert_similarity": {
        "mean": 0.7223212965319504,
        "std": 0.2281515073819423,
        "median": 0.747109591960907,
        "min": 0.0,
        "max": 1.0000001192092896,
        "count": 199
      }
    },
    "category_1": {
      "exact_match": {
        "mean": 0.03125,
        "std": 0.1767766952966369,
        "median": 0.0,
        "min": 0,
        "max": 1,
        "count": 32
      },
      "f1": {
        "mean": 0.18008224367599368,
        "std": 0.26329780643594813,
        "median": 0.0,
        "min": 0.0,
        "max": 1.0,
        "count": 32
      },
      "rouge1_f": {
        "mean": 0.2832577349121467,
        "std": 0.3339753819441027,
        "median": 0.18614718614718612,
        "min": 0.0,
        "max": 1.0,
        "count": 32
      },
      "rouge2_f": {
        "mean": 0.10376364087301587,
        "std": 0.2604512856289793,
        "median": 0.0,
        "min": 0.0,
        "max": 1.0,
        "count": 32
      },
      "rougeL_f": {
        "mean": 0.2602141424751719,
        "std": 0.314030579046036,
        "median": 0.1385281385281385,
        "min": 0.0,
        "max": 1.0,
        "count": 32
      },
      "bleu1": {
        "mean": 0.17612467733477494,
        "std": 0.2551463435361324,
        "median": 0.09397926713959365,
        "min": 0,
        "max": 1.0,
        "count": 32
      },
      "bleu2": {
        "mean": 0.11835263004244098,
        "std": 0.234025009586021,
        "median": 0.03109009138870742,
        "min": 0,
        "max": 1.0,
        "count": 32
      },
      "bleu3": {
        "mean": 0.07321046133359146,
        "std": 0.1810398454762324,
        "median": 0.022985611179423937,
        "min": 0,
        "max": 1.0,
        "count": 32
      },
      "bleu4": {
        "mean": 0.046973776470234464,
        "std": 0.10301634364874893,
        "median": 0.019428104577684194,
        "min": 0,
        "max": 0.5623413251903491,
        "count": 32
      },
      "bert_precision": {
        "mean": 0.8813782278448343,
        "std": 0.06000209807430077,
        "median": 0.8740921914577484,
        "min": 0.7803250551223755,
        "max": 1.0,
        "count": 32
      },
      "bert_recall": {
        "mean": 0.8675769809633493,
        "std": 0.059876225327271965,
        "median": 0.8611564040184021,
        "min": 0.7829316258430481,
        "max": 1.0,
        "count": 32
      },
      "bert_f1": {
        "mean": 0.8737597521394491,
        "std": 0.05500716925662643,
        "median": 0.8621530830860138,
        "min": 0.8010740876197815,
        "max": 1.0,
        "count": 32
      },
      "meteor": {
        "mean": 0.1537574921725324,
        "std": 0.23863311628382397,
        "median": 0.0,
        "min": 0.0,
        "max": 0.9814814814814815,
        "count": 32
      },
      "sbert_similarity": {
        "mean": 0.651811096817255,
        "std": 0.1577083301438864,
        "median": 0.636062741279602,
        "min": 0.390842080116272,
        "max": 1.0000001192092896,
        "count": 32
      }
    },
    "category_2": {
      "exact_match": {
        "mean": 0.5945945945945946,
        "std": 0.497742652128334,
        "median": 1,
        "min": 0,
        "max": 1,
        "count": 37
      },
      "f1": {
        "mean": 0.8222972972972973,
        "std": 0.2681186813190059,
        "median": 1.0,
        "min": 0.0,
        "max": 1.0,
        "count": 37
      },
      "rouge1_f": {
        "mean": 0.7912912912912913,
        "std": 0.29057125438710957,
        "median": 1.0,
        "min": 0.0,
        "max": 1.0,
        "count": 37
      },
      "rouge2_f": {
        "mean": 0.6455598455598456,
        "std": 0.3941681516778128,
        "median": 1.0,
        "min": 0.0,
        "max": 1.0,
        "count": 37
      },
      "rougeL_f": {
        "mean": 0.7912912912912913,
        "std": 0.29057125438710957,
        "median": 1.0,
        "min": 0.0,
        "max": 1.0,
        "count": 37
      },
      "bleu1": {
        "mean": 0.7240390065363037,
        "std": 0.37071213186093477,
        "median": 1.0,
        "min": 0,
        "max": 1.0,
        "count": 37
      },
      "bleu2": {
        "mean": 0.6480074566812315,
        "std": 0.3849937095188081,
        "median": 1.0,
        "min": 0,
        "max": 1.0,
        "count": 37
      },
      "bleu3": {
        "mean": 0.5156697884693008,
        "std": 0.38585811802311815,
        "median": 0.46773514128719823,
        "min": 0,
        "max": 1.0,
        "count": 37
      },
      "bleu4": {
        "mean": 0.3919179486316309,
        "std": 0.3417496175509044,
        "median": 0.316227766016838,
        "min": 0,
        "max": 1.0,
        "count": 37
      },
      "bert_precision": {
        "mean": 0.9765721849493079,
        "std": 0.040775213965207176,
        "median": 1.0,
        "min": 0.806333065032959,
        "max": 1.0000001192092896,
        "count": 37
      },
      "bert_recall": {
        "mean": 0.9539758563041687,
        "std": 0.0708995013421354,
        "median": 1.0,