{
  "model": "gpt-4o-mini",
  "dataset": "e:\\Benchmark\\Mem-R-benchmark\\data/locomo10.json",
  "total_questions": 204,
  "category_distribution": {
    "2": 32,
    "1": 32,
    "3": 7,
    "4": 87,
    "5": 46
  },
  "aggregate_metrics": {
    "overall": {
      "exact_match": {
        "mean": 0.1715686274509804,
        "std": 0.37793252740015953,
        "median": 0.0,
        "min": 0,
        "max": 1,
        "count": 204
      },
      "f1": {
        "mean": 0.40416371699678,
        "std": 0.3837314881050768,
        "median": 0.3076923076923077,
        "min": 0.0,
        "max": 1.0,
        "count": 204
      },
      "rouge1_f": {
        "mean": 0.4059181016178289,
        "std": 0.38293044315072705,
        "median": 0.28571428571428575,
        "min": 0.0,
        "max": 1.0,
        "count": 204
      },
      "rouge2_f": {
        "mean": 0.23165368400368952,
        "std": 0.3543322016860134,
        "median": 0.0,
        "min": 0.0,
        "max": 1.0,
        "count": 204
      },
      "rougeL_f": {
        "mean": 0.3969104248273598,
        "std": 0.3802706613772614,
        "median": 0.28078817733990147,
        "min": 0.0,
        "max": 1.0,
        "count": 204
      },
      "bleu1": {
        "mean": 0.35089532088806197,
        "std": 0.3771706171823533,
        "median": 0.2,
        "min": 0,
        "max": 1.0,
        "count": 204
      },
      "bleu2": {
        "mean": 0.2528314517818696,
        "std": 0.3336616177160887,
        "median": 0.09604056277358006,
        "min": 0,
        "max": 1.0,
        "count": 204
      },
      "bleu3": {
        "mean": 0.18691850297282933,
        "std": 0.2775071774552144,
        "median": 0.055611554781063346,
        "min": 0,
        "max": 1.0,
        "count": 204
      },
      "bleu4": {
        "mean": 0.14836645726649517,
        "std": 0.2374644023206162,
        "median": 0.04145202343816061,
        "min": 0,
        "max": 1.0,
        "count": 204
      },
      "bert_precision": {
        "mean": 0.898625594143774,
        "std": 0.0632143497288232,
        "median": 0.877179741859436,
        "min": 0.79439377784729,
        "max": 1.0000001192092896,
        "count": 204
      },
      "bert_recall": {
        "mean": 0.9021037296921599,
        "std": 0.06739860138901013,
        "median": 0.8922496736049652,
        "min": 0.7196454405784607,
        "max": 1.0000001192092896,
        "count": 204
      },
      "bert_f1": {
        "mean": 0.8999866729273516,
        "std": 0.06310407860914614,
        "median": 0.8810770213603973,
        "min": 0.7831597328186035,
        "max": 1.0000001192092896,
        "count": 204
      },
      "meteor": {
        "mean": 0.3384332522021731,
        "std": 0.35882454554639487,
        "median": 0.19037356321839083,
        "min": 0.0,
        "max": 0.9997724169321802,
        "count": 204
      },
      "sbert_similarity": {
        "mean": 0.5559842456314786,
        "std": 0.34173528042476986,
        "median": 0.5544079542160034,
        "min": -0.038031402975320816,
        "max": 1.000000238418579,
        "count": 204
      }
    },
    "category_1": {
      "exact_match": {
        "mean": 0.03125,
        "std": 0.1767766952966369,
        "median": 0.0,
        "min": 0,
        "max": 1,
        "count": 32
      },
      "f1": {
        "mean": 0.2674465132141026,
        "std": 0.2659856714126117,
        "median": 0.21052631578947367,
        "min": 0.0,
        "max": 1.0,
        "count": 32
      },
      "rouge1_f": {
        "mean": 0.2721309936703948,
        "std": 0.25863833337636605,
        "median": 0.23885918003565063,
        "min": 0.0,
        "max": 1.0,
        "count": 32
      },
      "rouge2_f": {
        "mean": 0.12105192700247255,
        "std": 0.22794734335337996,
        "median": 0.0,
        "min": 0.0,
        "max": 1.0,
        "count": 32
      },
      "rougeL_f": {
        "mean": 0.2571511167764554,
        "std": 0.2582479756708343,
        "median": 0.20526315789473681,
        "min": 0.0,
        "max": 1.0,
        "count": 32
      },
      "bleu1": {
        "mean": 0.20930637752892464,
        "std": 0.22682865235187932,
        "median": 0.15476190476190477,
        "min": 0,
        "max": 1.0,
        "count": 32
      },
      "bleu2": {
        "mean": 0.13964014867665248,
        "std": 0.2033124759539276,
        "median": 0.05134429634011249,
        "min": 0,
        "max": 1.0,
        "count": 32
      },
      "bleu3": {
        "mean": 0.08770634790472534,
        "std": 0.11925022259978789,
        "median": 0.035567630443293204,
        "min": 0,
        "max": 0.46773514128719823,
        "count": 32
      },
      "bleu4": {
        "mean": 0.06227659894121162,
        "std": 0.0898055979170851,
        "median": 0.024882018523212812,
        "min": 0,
        "max": 0.36064528799877893,
        "count": 32
      },
      "bert_precision": {
        "mean": 0.873152693733573,
        "std": 0.04671576861696985,
        "median": 0.8697696924209595,
        "min": 0.8039681315422058,
        "max": 0.9999998807907104,
        "count": 32
      },
      "bert_recall": {
        "mean": 0.8729735482484102,
        "std": 0.04220139132838592,
        "median": 0.8737693727016449,
        "min": 0.7875405550003052,
        "max": 0.9999998807907104,
        "count": 32
      },
      "bert_f1": {
        "mean": 0.8726731222122908,
        "std": 0.04046017681581152,
        "median": 0.8684257864952087,
        "min": 0.8106528520584106,
        "max": 0.9999998807907104,
        "count": 32
      },
      "meteor": {
        "mean": 0.20448175424005008,
        "std": 0.23497618538937923,
        "median": 0.13878469617404354,
        "min": 0.0,
        "max": 0.9375,
        "count": 32
      },
      "sbert_similarity": {
        "mean": 0.46380063192918897,
        "std": 0.2329932579752544,
        "median": 0.4890657216310501,
        "min": 0.07442722469568253,
        "max": 1.0,
        "count": 32
      }
    },
    "category_2": {
      "exact_match": {
        "mean": 0.0625,
        "std": 0.24593468841898236,
        "median": 0.0,
        "min": 0,
        "max": 1,
        "count": 32
      },
      "f1": {
        "mean": 0.41792062104562105,
        "std": 0.3443935059262848,
        "median": 0.4807692307692307,
        "min": 0.0,
        "max": 1.0,
        "count": 32
      },
      "rouge1_f": {
        "mean": 0.41792062104562105,
        "std": 0.3443935059262848,
        "median": 0.4807692307692307,
        "min": 0.0,
        "max": 1.0,
        "count": 32
      },
      "rouge2_f": {
        "mean": 0.08948863636363637,
        "std": 0.1881898047197531,
        "median": 0.0,
        "min": 0.0,
        "max": 0.8,
        "count": 32
      },
      "rougeL_f": {
        "mean": 0.38751769064269065,
        "std": 0.3178059926710873,
        "median": 0.45299145299145294,
        "min": 0.0,
        "max": 1.0,
        "count": 32
      },
      "bleu1": {
        "mean": 0.36490355320403617,
        "std": 0.3365734329099843,
        "median": 0.3839397205857212,
        "min": 0,
        "max": 1.0,
        "count": 32
      },
      "bleu2": {
        "mean": 0.15688355667397452,
        "std": 0.1663406185662013,
        "median": 0.09288910558491725,
        "min": 0,
        "max": 0.5773502691896257,
        "count": 32
      },
      "bleu3": {
        "mean": 0.08289580853169216,
        "std": 0.08082575527342803,
        "median": 0.06817538615646224,
        "min": 0,
        "max": 0.2589465250642332,
        "count": 32
      },
      "bleu4": {
        "mean": 0.06486567912229321,
        "std": 0.06258335693249396,
        "median": 0.06664087315012315,
        "min": 0,
        "max": 0.20205155046766235,
        "count": 32
      },
      "bert_precision": {
        "mean": 0.903136471286416,
        "std": 0.05743037387715338,
        "median": 0.916841447353363,