{
  "model": "gpt-4o-mini",
  "dataset": "E:\\Benchmark\\Mem-R-benchmark\\data/locomo10.json",
  "total_questions": 204,
  "category_distribution": {
    "2": 32,
    "1": 32,
    "3": 7,
    "4": 87,
    "5": 46
  },
  "aggregate_metrics": {
    "overall": {
      "exact_match": {
        "mean": 0.20098039215686275,
        "std": 0.4017192358367032,
        "median": 0.0,
        "min": 0,
        "max": 1,
        "count": 204
      },
      "f1": {
        "mean": 0.4111776678806777,
        "std": 0.40527847570867964,
        "median": 0.3076923076923077,
        "min": 0.0,
        "max": 1.0,
        "count": 204
      },
      "rouge1_f": {
        "mean": 0.41359942056036214,
        "std": 0.40255123418554273,
        "median": 0.3027823240589198,
        "min": 0.0,
        "max": 1.0,
        "count": 204
      },
      "rouge2_f": {
        "mean": 0.23599735156282234,
        "std": 0.36843875102742346,
        "median": 0.0,
        "min": 0.0,
        "max": 1.0,
        "count": 204
      },
      "rougeL_f": {
        "mean": 0.4030171983204612,
        "std": 0.3969357482197619,
        "median": 0.29670329670329665,
        "min": 0.0,
        "max": 1.0,
        "count": 204
      },
      "bleu1": {
        "mean": 0.36209095610400144,
        "std": 0.397621272777727,
        "median": 0.1973500978839256,
        "min": 0,
        "max": 1.0,
        "count": 204
      },
      "bleu2": {
        "mean": 0.25744019823108316,
        "std": 0.3458675562727223,
        "median": 0.08366826478444095,
        "min": 0,
        "max": 1.0,
        "count": 204
      },
      "bleu3": {
        "mean": 0.19736339261857397,
        "std": 0.29534613538689936,
        "median": 0.050684711588354095,
        "min": 0,
        "max": 1.0,
        "count": 204
      },
      "bleu4": {
        "mean": 0.15844611655990998,
        "std": 0.2551049449355811,
        "median": 0.040824829046386304,
        "min": 0,
        "max": 1.0,
        "count": 204
      },
      "bert_precision": {
        "mean": 0.8996239754499173,
        "std": 0.06482876883769488,
        "median": 0.878028154373169,
        "min": 0.7921393513679504,
        "max": 1.0,
        "count": 204
      },
      "bert_recall": {
        "mean": 0.9003363663659376,
        "std": 0.073409403968471,
        "median": 0.8925955295562744,
        "min": 0.7057995796203613,
        "max": 1.0,
        "count": 204
      },
      "bert_f1": {
        "mean": 0.8995684180773941,
        "std": 0.06699119019399698,
        "median": 0.8822437822818756,
        "min": 0.7561377882957458,
        "max": 1.0,
        "count": 204
      },
      "meteor": {
        "mean": 0.33223122025354546,
        "std": 0.3637324811638237,
        "median": 0.1590909090909091,
        "min": 0.0,
        "max": 0.9997724169321802,
        "count": 204
      },
      "sbert_similarity": {
        "mean": 0.5439891986110631,
        "std": 0.35579149024402396,
        "median": 0.5066319555044174,
        "min": -0.06473007798194885,
        "max": 1.000000238418579,
        "count": 204
      }
    },
    "category_1": {
      "exact_match": {
        "mean": 0.0625,
        "std": 0.24593468841898236,
        "median": 0.0,
        "min": 0,
        "max": 1,
        "count": 32
      },
      "f1": {
        "mean": 0.24244496353542772,
        "std": 0.2862582626925243,
        "median": 0.17662337662337663,
        "min": 0.0,
        "max": 1.0,
        "count": 32
      },
      "rouge1_f": {
        "mean": 0.2582327295867041,
        "std": 0.28192809538467495,
        "median": 0.1709090909090909,
        "min": 0.0,
        "max": 1.0,
        "count": 32
      },
      "rouge2_f": {
        "mean": 0.13073241607248962,
        "std": 0.2652610356371578,
        "median": 0.0,
        "min": 0.0,
        "max": 1.0,
        "count": 32
      },
      "rougeL_f": {
        "mean": 0.2505514733689961,
        "std": 0.2835041171836833,
        "median": 0.14973262032085563,
        "min": 0.0,
        "max": 1.0,
        "count": 32
      },
      "bleu1": {
        "mean": 0.19706585787246053,
        "std": 0.2651074875854945,
        "median": 0.07950191570881227,
        "min": 0,
        "max": 1.0,
        "count": 32
      },
      "bleu2": {
        "mean": 0.1372486341066569,
        "std": 0.24764610836863074,
        "median": 0.018649415881258458,
        "min": 0,
        "max": 1.0,
        "count": 32
      },
      "bleu3": {
        "mean": 0.09706760646781458,
        "std": 0.19506051619981932,
        "median": 0.014822877696368586,
        "min": 0,
        "max": 1.0,
        "count": 32
      },
      "bleu4": {
        "mean": 0.06262341407022036,
        "std": 0.11585195618759657,
        "median": 0.013089685934444217,
        "min": 0,
        "max": 0.5623413251903491,
        "count": 32
      },
      "bert_precision": {
        "mean": 0.8668596353381872,
        "std": 0.0512375027886977,
        "median": 0.8607915341854095,
        "min": 0.8039681315422058,
        "max": 0.9999998807907104,
        "count": 32
      },
      "bert_recall": {
        "mean": 0.8667861502617598,
        "std": 0.05602433752028621,
        "median": 0.8600938022136688,
        "min": 0.7374134063720703,
        "max": 0.9999998807907104,
        "count": 32
      },
      "bert_f1": {
        "mean": 0.8663310632109642,
        "std": 0.049744353402652576,
        "median": 0.8581002056598663,
        "min": 0.8035348057746887,
        "max": 0.9999998807907104,
        "count": 32
      },
      "meteor": {
        "mean": 0.19056533852973329,
        "std": 0.23626869292110456,
        "median": 0.12956810631229237,
        "min": 0.0,
        "max": 0.9814814814814815,
        "count": 32
      },
      "sbert_similarity": {
        "mean": 0.41271900897845626,
        "std": 0.26716642592937795,
        "median": 0.3891299068927765,
        "min": 0.006285354495048523,
        "max": 1.0,
        "count": 32
      }
    },
    "category_2": {
      "exact_match": {
        "mean": 0.09375,
        "std": 0.29614458108029906,
        "median": 0.0,
        "min": 0,
        "max": 1,
        "count": 32
      },
      "f1": {
        "mean": 0.47491553585303586,
        "std": 0.365171348648576,
        "median": 0.5227272727272727,
        "min": 0.0,
        "max": 1.0,
        "count": 32
      },
      "rouge1_f": {
        "mean": 0.47491553585303586,
        "std": 0.365171348648576,
        "median": 0.5227272727272727,
        "min": 0.0,
        "max": 1.0,
        "count": 32
      },
      "rouge2_f": {
        "mean": 0.10424558080808081,
        "std": 0.22043692721147928,
        "median": 0.0,
        "min": 0.0,
        "max": 0.8,
        "count": 32
      },
      "rougeL_f": {
        "mean": 0.4208270895770896,
        "std": 0.3282366658038702,
        "median": 0.4722222222222222,
        "min": 0.0,
        "max": 1.0,
        "count": 32
      },
      "bleu1": {
        "mean": 0.4110655873274548,
        "std": 0.36019578635227645,
        "median": 0.3875,
        "min": 0,
        "max": 1.0,
        "count": 32
      },
      "bleu2": {
        "mean": 0.1633660310643829,
        "std": 0.17524279842292265,
        "median": 0.08794285673894753,
        "min": 0,
        "max": 0.5773502691896257,
        "count": 32
      },
      "bleu3": {
        "mean": 0.09566041274411792,
        "std": 0.10586065513420531,
        "median": 0.06545452399416962,
        "min": 0,
        "max": 0.4844013994335289,
        "count": 32
      },
      "bleu4": {
        "mean": 0.07651929396261191,
        "std": 0.08388202812041842,
        "median": 0.06015304755027707,
        "min": 0,
        "max": 0.39442436483275556,
        "count": 32
      },
      "bert_precision": {
        "mean": 0.9010025281459093,
        "std": 0.056063783771654135,
        "median": 0.9090697467327118,
        "min": 0.7921393513679504,
        "max": 1.0,