{
  "model": "gpt-4o-mini",
  "dataset": "e:\\Benchmark\\Mem-R-benchmark\\data/locomo10.json",
  "total_questions": 204,
  "category_distribution": {
    "2": 32,
    "1": 32,
    "3": 7,
    "4": 87,
    "5": 46
  },
  "aggregate_metrics": {
    "overall": {
      "exact_match": {
        "mean": 0.1715686274509804,
        "std": 0.37793252740015953,
        "median": 0.0,
        "min": 0,
        "max": 1,
        "count": 204
      },
      "f1": {
        "mean": 0.38338975649426105,
        "std": 0.39109946844988436,
        "median": 0.256578947368421,
        "min": 0.0,
        "max": 1.0,
        "count": 204
      },
      "rouge1_f": {
        "mean": 0.3889277074007308,
        "std": 0.3872204426236352,
        "median": 0.2583333333333334,
        "min": 0.0,
        "max": 1.0,
        "count": 204
      },
      "rouge2_f": {
        "mean": 0.21949626770039216,
        "std": 0.3507991629612769,
        "median": 0.0,
        "min": 0.0,
        "max": 1.0,
        "count": 204
      },
      "rougeL_f": {
        "mean": 0.3791447953861366,
        "std": 0.3841148247195148,
        "median": 0.25,
        "min": 0.0,
        "max": 1.0,
        "count": 204
      },
      "bleu1": {
        "mean": 0.33833556681500926,
        "std": 0.382663332131639,
        "median": 0.16666666666666669,
        "min": 0,
        "max": 1.0,
        "count": 204
      },
      "bleu2": {
        "mean": 0.24272345656088481,
        "std": 0.3332135037837035,
        "median": 0.07071067811865477,
        "min": 0,
        "max": 1.0,
        "count": 204
      },
      "bleu3": {
        "mean": 0.17972858857503643,
        "std": 0.2743693538264224,
        "median": 0.04572519056498916,
        "min": 0,
        "max": 1.0,
        "count": 204
      },
      "bleu4": {
        "mean": 0.1433962014502565,
        "std": 0.2360758551886751,
        "median": 0.03283298284904956,
        "min": 0,
        "max": 1.0,
        "count": 204
      },
      "bert_precision": {
        "mean": 0.897927344137547,
        "std": 0.06265489752343015,
        "median": 0.875148743391037,
        "min": 0.800217866897583,
        "max": 1.0,
        "count": 204
      },
      "bert_recall": {
        "mean": 0.9010400441931743,
        "std": 0.06601010014448658,
        "median": 0.8882884383201599,
        "min": 0.7196454405784607,
        "max": 1.0,
        "count": 204
      },
      "bert_f1": {
        "mean": 0.8991167127501731,
        "std": 0.06213574943392082,
        "median": 0.880530446767807,
        "min": 0.7831597328186035,
        "max": 1.0,
        "count": 204
      },
      "meteor": {
        "mean": 0.3246201988860752,
        "std": 0.357000757294905,
        "median": 0.16129032258064518,
        "min": 0.0,
        "max": 0.9997106481481481,
        "count": 204
      },
      "sbert_similarity": {
        "mean": 0.5421244435733659,
        "std": 0.34476604252838056,
        "median": 0.5395505130290985,
        "min": -0.038031402975320816,
        "max": 1.000000238418579,
        "count": 204
      }
    },
    "category_1": {
      "exact_match": {
        "mean": 0.03125,
        "std": 0.1767766952966369,
        "median": 0.0,
        "min": 0,
        "max": 1,
        "count": 32
      },
      "f1": {
        "mean": 0.23141936349898812,
        "std": 0.24806753325706166,
        "median": 0.21240601503759396,
        "min": 0.0,
        "max": 1.0,
        "count": 32
      },
      "rouge1_f": {
        "mean": 0.2433783145905824,
        "std": 0.24420803891661144,
        "median": 0.20526315789473681,
        "min": 0.0,
        "max": 1.0,
        "count": 32
      },
      "rouge2_f": {
        "mean": 0.09200636638539152,
        "std": 0.20964464354983003,
        "median": 0.0,
        "min": 0.0,
        "max": 1.0,
        "count": 32
      },
      "rougeL_f": {
        "mean": 0.23344138355990135,
        "std": 0.24381671762791934,
        "median": 0.19090909090909092,
        "min": 0.0,
        "max": 1.0,
        "count": 32
      },
      "bleu1": {
        "mean": 0.1719212170697335,
        "std": 0.20736034555855512,
        "median": 0.13392857142857145,
        "min": 0,
        "max": 1.0,
        "count": 32
      },
      "bleu2": {
        "mean": 0.1011697514149678,
        "std": 0.18051831494921938,
        "median": 0.05134429634011249,
        "min": 0,
        "max": 1.0,
        "count": 32
      },
      "bleu3": {
        "mean": 0.05828967261998842,
        "std": 0.0928124768001011,
        "median": 0.027233947210562354,
        "min": 0,
        "max": 0.46773514128719823,
        "count": 32
      },
      "bleu4": {
        "mean": 0.04282616887435696,
        "std": 0.06958511089305745,
        "median": 0.016913463942140362,
        "min": 0,
        "max": 0.316227766016838,
        "count": 32
      },
      "bert_precision": {
        "mean": 0.8726746290922165,
        "std": 0.04910994709451787,
        "median": 0.8670360445976257,
        "min": 0.8039681315422058,
        "max": 0.9999998807907104,
        "count": 32
      },
      "bert_recall": {
        "mean": 0.8711962103843689,
        "std": 0.04014401555518652,
        "median": 0.8698598444461823,
        "min": 0.7670313119888306,
        "max": 0.9999998807907104,
        "count": 32
      },
      "bert_f1": {
        "mean": 0.8716114871203899,
        "std": 0.041603611809379513,
        "median": 0.8658415377140045,
        "min": 0.8010872602462769,
        "max": 0.9999998807907104,
        "count": 32
      },
      "meteor": {
        "mean": 0.1704149385741452,
        "std": 0.19530954453192428,
        "median": 0.12758397932816537,
        "min": 0.0,
        "max": 0.9375,
        "count": 32
      },
      "sbert_similarity": {
        "mean": 0.42326281243003905,
        "std": 0.24753110782982754,
        "median": 0.41414955258369446,
        "min": 0.006285354495048523,
        "max": 1.0,
        "count": 32
      }
    },
    "category_2": {
      "exact_match": {
        "mean": 0.0625,
        "std": 0.24593468841898236,
        "median": 0.0,
        "min": 0,
        "max": 1,
        "count": 32
      },
      "f1": {
        "mean": 0.4154413295038295,
        "std": 0.3578807386984878,
        "median": 0.5,
        "min": 0.0,
        "max": 1.0,
        "count": 32
      },
      "rouge1_f": {
        "mean": 0.4258579961704962,
        "std": 0.35016656495692194,
        "median": 0.5,
        "min": 0.0,
        "max": 1.0,
        "count": 32
      },
      "rouge2_f": {
        "mean": 0.14365530303030302,
        "std": 0.27550326040050055,
        "median": 0.0,
        "min": 0.0,
        "max": 1.0,
        "count": 32
      },
      "rougeL_f": {
        "mean": 0.3954550657675658,
        "std": 0.3224617562140698,
        "median": 0.45,
        "min": 0.0,
        "max": 1.0,
        "count": 32
      },
      "bleu1": {
        "mean": 0.3732721363165395,
        "std": 0.34600592117342477,
        "median": 0.3786399163535724,
        "min": 0,
        "max": 1.0,
        "count": 32
      },
      "bleu2": {
        "mean": 0.2081828317509737,
        "std": 0.24536895106727946,
        "median": 0.09564354645876386,
        "min": 0,
        "max": 1.0,
        "count": 32
      },
      "bleu3": {
        "mean": 0.13713727459805528,
        "std": 0.20313840076891673,
        "median": 0.06990131968026375,
        "min": 0,
        "max": 1.0,
        "count": 32
      },
      "bleu4": {
        "mean": 0.11382159327145852,
        "std": 0.19013454775313976,
        "median": 0.06664087315012315,
        "min": 0,
        "max": 1.0,
        "count": 32
      },
      "bert_precision": {
        "mean": 0.9000736940652132,
        "std": 0.05534791846002689,
        "median": 0.916841447353363,
        "min": 0.8085997104644775,
        "max": 1.0,
        "count": 32
      },
      "bert_recall": {
        "mean": 0.9096664935350418,