{
  "model": "gpt-4o-mini",
  "dataset": "E:\\Benchmark\\Mem-R-benchmark\\data/locomo10.json",
  "total_questions": 204,
  "category_distribution": {
    "2": 32,
    "1": 32,
    "3": 7,
    "4": 87,
    "5": 46
  },
  "aggregate_metrics": {
    "overall": {
      "exact_match": {
        "mean": 0.1715686274509804,
        "std": 0.37793252740015953,
        "median": 0.0,
        "min": 0,
        "max": 1,
        "count": 204
      },
      "f1": {
        "mean": 0.3827540774697849,
        "std": 0.38922956617997634,
        "median": 0.289198606271777,
        "min": 0.0,
        "max": 1.0,
        "count": 204
      },
      "rouge1_f": {
        "mean": 0.3883475876926399,
        "std": 0.3878252311867704,
        "median": 0.2857142857142857,
        "min": 0.0,
        "max": 1.0,
        "count": 204
      },
      "rouge2_f": {
        "mean": 0.21651859129351889,
        "std": 0.3516975418727594,
        "median": 0.0,
        "min": 0.0,
        "max": 1.0,
        "count": 204
      },
      "rougeL_f": {
        "mean": 0.37694957920388067,
        "std": 0.38201388682578724,
        "median": 0.25833333333333336,
        "min": 0.0,
        "max": 1.0,
        "count": 204
      },
      "bleu1": {
        "mean": 0.3382471412458565,
        "std": 0.38178555599398367,
        "median": 0.19110009788392562,
        "min": 0,
        "max": 1.0,
        "count": 204
      },
      "bleu2": {
        "mean": 0.24290538059366057,
        "std": 0.336276136844553,
        "median": 0.07090256878356871,
        "min": 0,
        "max": 1.0,
        "count": 204
      },
      "bleu3": {
        "mean": 0.1829827469575497,
        "std": 0.28474774112659146,
        "median": 0.04639006207935648,
        "min": 0,
        "max": 1.0,
        "count": 204
      },
      "bleu4": {
        "mean": 0.14667882169882174,
        "std": 0.24632011854805286,
        "median": 0.03712025696518771,
        "min": 0,
        "max": 1.0,
        "count": 204
      },
      "bert_precision": {
        "mean": 0.8980839451154073,
        "std": 0.06272602031521333,
        "median": 0.8822138905525208,
        "min": 0.7921393513679504,
        "max": 1.0000001192092896,
        "count": 204
      },
      "bert_recall": {
        "mean": 0.89986206824873,
        "std": 0.06736315510819105,
        "median": 0.8909972906112671,
        "min": 0.7196454405784607,
        "max": 1.0000001192092896,
        "count": 204
      },
      "bert_f1": {
        "mean": 0.8986018180262809,
        "std": 0.06287319185352375,
        "median": 0.8849391341209412,
        "min": 0.7831597328186035,
        "max": 1.0000001192092896,
        "count": 204
      },
      "meteor": {
        "mean": 0.313235510340268,
        "std": 0.35514021566494064,
        "median": 0.15877016129032262,
        "min": 0.0,
        "max": 0.9997106481481481,
        "count": 204
      },
      "sbert_similarity": {
        "mean": 0.540349208649394,
        "std": 0.344613012621237,
        "median": 0.5439368784427643,
        "min": -0.038031402975320816,
        "max": 1.000000238418579,
        "count": 204
      }
    },
    "category_1": {
      "exact_match": {
        "mean": 0.03125,
        "std": 0.1767766952966369,
        "median": 0.0,
        "min": 0,
        "max": 1,
        "count": 32
      },
      "f1": {
        "mean": 0.24664494919930502,
        "std": 0.25991131543261065,
        "median": 0.17523809523809522,
        "min": 0.0,
        "max": 1.0,
        "count": 32
      },
      "rouge1_f": {
        "mean": 0.26644140959287127,
        "std": 0.2613758174656265,
        "median": 0.24621212121212122,
        "min": 0.0,
        "max": 1.0,
        "count": 32
      },
      "rouge2_f": {
        "mean": 0.12468318483993199,
        "std": 0.22048086077449083,
        "median": 0.0,
        "min": 0.0,
        "max": 1.0,
        "count": 32
      },
      "rougeL_f": {
        "mean": 0.2528677826989319,
        "std": 0.2585759685622854,
        "median": 0.21111111111111114,
        "min": 0.0,
        "max": 1.0,
        "count": 32
      },
      "bleu1": {
        "mean": 0.1951614925009021,
        "std": 0.22378130187976555,
        "median": 0.1715686274509804,
        "min": 0,
        "max": 1.0,
        "count": 32
      },
      "bleu2": {
        "mean": 0.1254933053236353,
        "std": 0.1948184422731954,
        "median": 0.04637654544232381,
        "min": 0,
        "max": 1.0,
        "count": 32
      },
      "bleu3": {
        "mean": 0.07533537809356015,
        "std": 0.10616216963698714,
        "median": 0.03528993551485372,
        "min": 0,
        "max": 0.46773514128719823,
        "count": 32
      },
      "bleu4": {
        "mean": 0.05127339771738256,
        "std": 0.07160718388409795,
        "median": 0.025841009651859738,
        "min": 0,
        "max": 0.316227766016838,
        "count": 32
      },
      "bert_precision": {
        "mean": 0.8768034502863884,
        "std": 0.05107249319384918,
        "median": 0.8819926381111145,
        "min": 0.7972673177719116,
        "max": 0.9999998807907104,
        "count": 32
      },
      "bert_recall": {
        "mean": 0.8726025503128767,
        "std": 0.044223870396166674,
        "median": 0.8769448399543762,
        "min": 0.7374134063720703,
        "max": 0.9999998807907104,
        "count": 32
      },
      "bert_f1": {
        "mean": 0.8742165565490723,
        "std": 0.0434342382780547,
        "median": 0.8807449042797089,
        "min": 0.8035348057746887,
        "max": 0.9999998807907104,
        "count": 32
      },
      "meteor": {
        "mean": 0.18644720837860151,
        "std": 0.19854413354240424,
        "median": 0.14955357142857145,
        "min": 0.0,
        "max": 0.9375,
        "count": 32
      },
      "sbert_similarity": {
        "mean": 0.4268732919008471,
        "std": 0.2687025903970146,
        "median": 0.4957188814878464,
        "min": -0.0020763780921697617,
        "max": 1.0,
        "count": 32
      }
    },
    "category_2": {
      "exact_match": {
        "mean": 0.03125,
        "std": 0.1767766952966369,
        "median": 0.0,
        "min": 0,
        "max": 1,
        "count": 32
      },
      "f1": {
        "mean": 0.37186944999445,
        "std": 0.34438089068550254,
        "median": 0.3333333333333333,
        "min": 0.0,
        "max": 1.0,
        "count": 32
      },
      "rouge1_f": {
        "mean": 0.37186944999445,
        "std": 0.34438089068550254,
        "median": 0.3333333333333333,
        "min": 0.0,
        "max": 1.0,
        "count": 32
      },
      "rouge2_f": {
        "mean": 0.056502525252525256,
        "std": 0.16152855590348772,
        "median": 0.0,
        "min": 0.0,
        "max": 0.8,
        "count": 32
      },
      "rougeL_f": {
        "mean": 0.33104985292485295,
        "std": 0.2930608355326792,
        "median": 0.3333333333333333,
        "min": 0.0,
        "max": 1.0,
        "count": 32
      },
      "bleu1": {
        "mean": 0.3225432711828507,
        "std": 0.3312202318227587,
        "median": 0.25,
        "min": 0,
        "max": 1.0,
        "count": 32
      },
      "bleu2": {
        "mean": 0.14843491015782853,
        "std": 0.1863722824357622,
        "median": 0.07322853000076934,
        "min": 0,
        "max": 0.5773502691896257,
        "count": 32
      },
      "bleu3": {
        "mean": 0.0823250146151288,
        "std": 0.10656225878951599,
        "median": 0.053838289532109625,
        "min": 0,
        "max": 0.4844013994335289,
        "count": 32
      },
      "bleu4": {
        "mean": 0.06550439986814222,
        "std": 0.08427181553396684,
        "median": 0.04754872554771718,
        "min": 0,
        "max": 0.39442436483275556,
        "count": 32
      },
      "bert_precision": {
        "mean": 0.894191388040781,
        "std": 0.05303163284291195,
        "median": 0.9059731662273407,