{
  "model": "qwen3_5-flash",
  "dataset": "/home/isrc/myx/Mem-R-benchmark/data/locomo10.json",
  "total_questions": 199,
  "category_distribution": {
    "2": 37,
    "3": 13,
    "1": 32,
    "4": 70,
    "5": 47
  },
  "aggregate_metrics": {
    "overall": {
      "exact_match": {
        "mean": 0.22110552763819097,
        "std": 0.4160380517751308,
        "median": 0,
        "min": 0,
        "max": 1,
        "count": 199
      },
      "f1": {
        "mean": 0.41105971650086365,
        "std": 0.3921380162934766,
        "median": 0.32,
        "min": 0.0,
        "max": 1.0,
        "count": 199
      },
      "rouge1_f": {
        "mean": 0.4751065540042123,
        "std": 0.4023817108479932,
        "median": 0.4444444444444444,
        "min": 0.0,
        "max": 1.0,
        "count": 199
      },
      "rouge2_f": {
        "mean": 0.31565188657528914,
        "std": 0.40784018814009776,
        "median": 0.0,
        "min": 0.0,
        "max": 1.0,
        "count": 199
      },
      "rougeL_f": {
        "mean": 0.4684256748610216,
        "std": 0.40150972637228355,
        "median": 0.4444444444444444,
        "min": 0.0,
        "max": 1.0,
        "count": 199
      },
      "bleu1": {
        "mean": 0.3998146840475428,
        "std": 0.39773303291146767,
        "median": 0.25500152032774787,
        "min": 0,
        "max": 1.0,
        "count": 199
      },
      "bleu2": {
        "mean": 0.3167558023764805,
        "std": 0.3759969782783328,
        "median": 0.1353352832366127,
        "min": 0,
        "max": 1.0,
        "count": 199
      },
      "bleu3": {
        "mean": 0.24730196822886255,
        "std": 0.3350356432525307,
        "median": 0.0677481782952102,
        "min": 0,
        "max": 1.0,
        "count": 199
      },
      "bleu4": {
        "mean": 0.18782994686007776,
        "std": 0.27087024175299274,
        "median": 0.05795053470733952,
        "min": 0,
        "max": 1.0,
        "count": 199
      },
      "bert_precision": {
        "mean": 0.9152574323529574,
        "std": 0.0646119213957158,
        "median": 0.9054238796234131,
        "min": 0.7914135456085205,
        "max": 1.0000001192092896,
        "count": 199
      },
      "bert_recall": {
        "mean": 0.9040750076423338,
        "std": 0.07411352826111034,
        "median": 0.8925744295120239,
        "min": 0.7215210199356079,
        "max": 1.0000001192092896,
        "count": 199
      },
      "bert_f1": {
        "mean": 0.9091903902777475,
        "std": 0.067127553055126,
        "median": 0.8920122981071472,
        "min": 0.7811415195465088,
        "max": 1.0000001192092896,
        "count": 199
      },
      "meteor": {
        "mean": 0.3638826749334386,
        "std": 0.3750514149238184,
        "median": 0.25,
        "min": 0.0,
        "max": 0.9997724169321802,
        "count": 199
      },
      "sbert_similarity": {
        "mean": 0.7361015334500739,
        "std": 0.21851763477209057,
        "median": 0.7500098347663879,
        "min": 0.2501603066921234,
        "max": 1.0000001192092896,
        "count": 199
      }
    },
    "category_1": {
      "exact_match": {
        "mean": 0.0625,
        "std": 0.24593468841898236,
        "median": 0.0,
        "min": 0,
        "max": 1,
        "count": 32
      },
      "f1": {
        "mean": 0.22007973562533453,
        "std": 0.29458091745153525,
        "median": 0.11513157894736845,
        "min": 0.0,
        "max": 1.0,
        "count": 32
      },
      "rouge1_f": {
        "mean": 0.32569128787878787,
        "std": 0.34787249679104393,
        "median": 0.2361111111111111,
        "min": 0.0,
        "max": 1.0,
        "count": 32
      },
      "rouge2_f": {
        "mean": 0.10627480158730158,
        "std": 0.26042798904993986,
        "median": 0.0,
        "min": 0.0,
        "max": 1.0,
        "count": 32
      },
      "rougeL_f": {
        "mean": 0.3127746212121212,
        "std": 0.3331480917240844,
        "median": 0.2361111111111111,
        "min": 0.0,
        "max": 1.0,
        "count": 32
      },
      "bleu1": {
        "mean": 0.22780165860305396,
        "std": 0.29147005696321504,
        "median": 0.1353352832366127,
        "min": 0,
        "max": 1.0,
        "count": 32
      },
      "bleu2": {
        "mean": 0.13591996344988447,
        "std": 0.23363546608802777,
        "median": 0.04252724350879795,
        "min": 0,
        "max": 1.0,
        "count": 32
      },
      "bleu3": {
        "mean": 0.08596867195204108,
        "std": 0.18130429895052325,
        "median": 0.02960813390314045,
        "min": 0,
        "max": 1.0,
        "count": 32
      },
      "bleu4": {
        "mean": 0.05776677303403194,
        "std": 0.10440656885931458,
        "median": 0.024066394763145416,
        "min": 0,
        "max": 0.5623413251903491,
        "count": 32
      },
      "bert_precision": {
        "mean": 0.8910861629992723,
        "std": 0.059438162778956874,
        "median": 0.8836248815059662,
        "min": 0.7957783937454224,
        "max": 1.0,
        "count": 32
      },
      "bert_recall": {
        "mean": 0.8773886524140835,
        "std": 0.06369973112347023,
        "median": 0.8733143508434296,
        "min": 0.7829316258430481,
        "max": 1.0,
        "count": 32
      },
      "bert_f1": {
        "mean": 0.8836119193583727,
        "std": 0.05754993643355221,
        "median": 0.8694961071014404,
        "min": 0.8010740876197815,
        "max": 1.0,
        "count": 32
      },
      "meteor": {
        "mean": 0.17185859200924372,
        "std": 0.24125250452070846,
        "median": 0.08696309739866909,
        "min": 0.0,
        "max": 0.9814814814814815,
        "count": 32
      },
      "sbert_similarity": {
        "mean": 0.6784474924206734,
        "std": 0.17426450336172733,
        "median": 0.6768455803394318,
        "min": 0.3770413398742676,
        "max": 1.0000001192092896,
        "count": 32
      }
    },
    "category_2": {
      "exact_match": {
        "mean": 0.5405405405405406,
        "std": 0.5052279240652235,
        "median": 1,
        "min": 0,
        "max": 1,
        "count": 37
      },
      "f1": {
        "mean": 0.7808855558855559,
        "std": 0.2932726948183957,
        "median": 1.0,
        "min": 0.0,
        "max": 1.0,
        "count": 37
      },
      "rouge1_f": {
        "mean": 0.741956241956242,
        "std": 0.32632369832779645,
        "median": 1.0,
        "min": 0.0,
        "max": 1.0,
        "count": 37
      },
      "rouge2_f": {
        "mean": 0.5953667953667954,
        "std": 0.42978295319410237,
        "median": 0.6,
        "min": 0.0,
        "max": 1.0,
        "count": 37
      },
      "rougeL_f": {
        "mean": 0.741956241956242,
        "std": 0.32632369832779645,
        "median": 1.0,
        "min": 0.0,
        "max": 1.0,
        "count": 37
      },
      "bleu1": {
        "mean": 0.6806229401862139,
        "std": 0.39313368058939463,
        "median": 1.0,
        "min": 0,
        "max": 1.0,
        "count": 37
      },
      "bleu2": {
        "mean": 0.6035424743061292,
        "std": 0.41781636426821606,
        "median": 0.7071067811865476,
        "min": 0,
        "max": 1.0,
        "count": 37
      },
      "bleu3": {
        "mean": 0.4906152132234515,
        "std": 0.4075001372519762,
        "median": 0.46773514128719823,
        "min": 0,
        "max": 1.0,
        "count": 37
      },
      "bleu4": {
        "mean": 0.37578672967751525,
        "std": 0.3541625536570654,
        "median": 0.25406637407730737,
        "min": 0,
        "max": 1.0,
        "count": 37
      },
      "bert_precision": {
        "mean": 0.9696878001496598,
        "std": 0.05030491224767515,
        "median": 0.9999998807907104,
        "min": 0.7914135456085205,
        "max": 1.0000001192092896,
        "count": 37
      },
      "bert_recall": {
        "mean": 0.951535076708407,