{
  "model": "gpt-4o-mini",
  "dataset": "e:\\Benchmark\\Mem-R-benchmark\\data/locomo10.json",
  "total_questions": 199,
  "category_distribution": {
    "2": 37,
    "3": 13,
    "1": 32,
    "4": 70,
    "5": 47
  },
  "aggregate_metrics": {
    "overall": {
      "exact_match": {
        "mean": 0.1507537688442211,
        "std": 0.35871112526270943,
        "median": 0,
        "min": 0,
        "max": 1,
        "count": 199
      },
      "f1": {
        "mean": 0.3981707487176948,
        "std": 0.3826909603788118,
        "median": 0.3333333333333333,
        "min": 0.0,
        "max": 1.0,
        "count": 199
      },
      "rouge1_f": {
        "mean": 0.4084100328126717,
        "std": 0.38191024805928003,
        "median": 0.3333333333333333,
        "min": 0.0,
        "max": 1.0,
        "count": 199
      },
      "rouge2_f": {
        "mean": 0.2926021497942076,
        "std": 0.38620594387450163,
        "median": 0.0,
        "min": 0.0,
        "max": 1.0,
        "count": 199
      },
      "rougeL_f": {
        "mean": 0.3990904102338699,
        "std": 0.38315312310306016,
        "median": 0.28571428571428575,
        "min": 0.0,
        "max": 1.0,
        "count": 199
      },
      "bleu1": {
        "mean": 0.34685119104260376,
        "std": 0.36117791434381114,
        "median": 0.21428571428571425,
        "min": 0,
        "max": 1.0,
        "count": 199
      },
      "bleu2": {
        "mean": 0.2740075955227351,
        "std": 0.3515064509893023,
        "median": 0.08187307530779821,
        "min": 0,
        "max": 1.0,
        "count": 199
      },
      "bleu3": {
        "mean": 0.22782771209694824,
        "std": 0.33490918127876,
        "median": 0.05665132701906204,
        "min": 0,
        "max": 1.0,
        "count": 199
      },
      "bleu4": {
        "mean": 0.19170226316237718,
        "std": 0.30550073727216315,
        "median": 0.04028998029112094,
        "min": 0,
        "max": 1.0,
        "count": 199
      },
      "bert_precision": {
        "mean": 0.899401719845719,
        "std": 0.05984133144260442,
        "median": 0.880815327167511,
        "min": 0.7912021279335022,
        "max": 1.0000001192092896,
        "count": 199
      },
      "bert_recall": {
        "mean": 0.9051775722647432,
        "std": 0.06276847369468151,
        "median": 0.8961904048919678,
        "min": 0.766730785369873,
        "max": 1.0000001192092896,
        "count": 199
      },
      "bert_f1": {
        "mean": 0.901976480256373,
        "std": 0.05919915189129359,
        "median": 0.8889498114585876,
        "min": 0.7944304347038269,
        "max": 1.0000001192092896,
        "count": 199
      },
      "meteor": {
        "mean": 0.3212489043016388,
        "std": 0.36689474854567994,
        "median": 0.16666666666666666,
        "min": 0.0,
        "max": 0.9998177842565598,
        "count": 199
      },
      "sbert_similarity": {
        "mean": 0.5727913997758498,
        "std": 0.3412877447555751,
        "median": 0.6153324842453003,
        "min": -0.048551276326179504,
        "max": 1.000000238418579,
        "count": 199
      }
    },
    "category_1": {
      "exact_match": {
        "mean": 0.03125,
        "std": 0.1767766952966369,
        "median": 0.0,
        "min": 0,
        "max": 1,
        "count": 32
      },
      "f1": {
        "mean": 0.23663322943214246,
        "std": 0.26321785953436505,
        "median": 0.15476190476190477,
        "min": 0.0,
        "max": 1.0,
        "count": 32
      },
      "rouge1_f": {
        "mean": 0.23300004634218524,
        "std": 0.26202533130641475,
        "median": 0.16498316498316495,
        "min": 0.0,
        "max": 1.0,
        "count": 32
      },
      "rouge2_f": {
        "mean": 0.07952132936507937,
        "std": 0.20503191579526958,
        "median": 0.0,
        "min": 0.0,
        "max": 1.0,
        "count": 32
      },
      "rougeL_f": {
        "mean": 0.2014417107653916,
        "std": 0.24547676570974028,
        "median": 0.15740740740740738,
        "min": 0.0,
        "max": 1.0,
        "count": 32
      },
      "bleu1": {
        "mean": 0.17586078278900488,
        "std": 0.22794419143878208,
        "median": 0.11250000000000002,
        "min": 0,
        "max": 1.0,
        "count": 32
      },
      "bleu2": {
        "mean": 0.11367622494042136,
        "std": 0.20524929305293732,
        "median": 0.03110042339640732,
        "min": 0,
        "max": 1.0,
        "count": 32
      },
      "bleu3": {
        "mean": 0.06652645631436728,
        "std": 0.1161066555508188,
        "median": 0.02142223362951967,
        "min": 0,
        "max": 0.46773514128719823,
        "count": 32
      },
      "bleu4": {
        "mean": 0.045977959944096404,
        "std": 0.08070254190917384,
        "median": 0.014628063653657535,
        "min": 0,
        "max": 0.316227766016838,
        "count": 32
      },
      "bert_precision": {
        "mean": 0.8639046140015125,
        "std": 0.04852270275461192,
        "median": 0.8516217172145844,
        "min": 0.7924395203590393,
        "max": 0.9644253253936768,
        "count": 32
      },
      "bert_recall": {
        "mean": 0.8641342613846064,
        "std": 0.03728297868698318,
        "median": 0.8648360669612885,
        "min": 0.7965723872184753,
        "max": 0.9618307948112488,
        "count": 32
      },
      "bert_f1": {
        "mean": 0.8635623753070831,
        "std": 0.03800934096179334,
        "median": 0.8581946194171906,
        "min": 0.798686146736145,
        "max": 0.9617454409599304,
        "count": 32
      },
      "meteor": {
        "mean": 0.13544156870280827,
        "std": 0.19910075817432427,
        "median": 0.04237288135593221,
        "min": 0.0,
        "max": 0.9375,
        "count": 32
      },
      "sbert_similarity": {
        "mean": 0.4506834864150733,
        "std": 0.27638933083815026,
        "median": 0.4293604791164398,
        "min": 0.04232289642095566,
        "max": 1.0,
        "count": 32
      }
    },
    "category_2": {
      "exact_match": {
        "mean": 0,
        "std": 0.0,
        "median": 0,
        "min": 0,
        "max": 0,
        "count": 37
      },
      "f1": {
        "mean": 0.46067626067626066,
        "std": 0.3131479789141554,
        "median": 0.5714285714285715,
        "min": 0.0,
        "max": 1.0,
        "count": 37
      },
      "rouge1_f": {
        "mean": 0.45998325998325995,
        "std": 0.31346582928280875,
        "median": 0.5714285714285715,
        "min": 0.0,
        "max": 1.0,
        "count": 37
      },
      "rouge2_f": {
        "mean": 0.3114777114777115,
        "std": 0.27574043354095235,
        "median": 0.4,
        "min": 0.0,
        "max": 1.0,
        "count": 37
      },
      "rougeL_f": {
        "mean": 0.45998325998325995,
        "std": 0.31346582928280875,
        "median": 0.5714285714285715,
        "min": 0.0,
        "max": 1.0,
        "count": 37
      },
      "bleu1": {
        "mean": 0.35477227040772585,
        "std": 0.2446620973979827,
        "median": 0.42857142857142855,
        "min": 0,
        "max": 0.75,
        "count": 37
      },
      "bleu2": {
        "mean": 0.2056827628862601,
        "std": 0.1733534520742849,
        "median": 0.23145502494313785,
        "min": 0,
        "max": 0.5163977794943222,
        "count": 37
      },
      "bleu3": {
        "mean": 0.10864690863000215,
        "std": 0.10239385514507564,
        "median": 0.098573017775554,
        "min": 0,
        "max": 0.4091569047284194,
        "count": 37
      },
      "bleu4": {
        "mean": 0.07513228475111268,
        "std": 0.06222327059056025,
        "median": 0.07730551756939454,
        "min": 0,
        "max": 0.21711852081087685,
        "count": 37
      },
      "bert_precision": {
        "mean": 0.9094366028502181,
        "std": 0.044997913970636946,
        "median": 0.9188138246536255,