{
  "model": "gpt-4o-mini",
  "dataset_count": 20,
  "aggregate_metrics": {
    "overall": {
      "exact_match": {
        "mean": 0.11757386812966894
      },
      "f1": {
        "mean": 0.31087016978239096
      },
      "rouge1_f": {
        "mean": 0.31735018968231576
      },
      "rouge2_f": {
        "mean": 0.18187367844226832
      },
      "rougeL_f": {
        "mean": 0.3089730551510049
      },
      "bleu1": {
        "mean": 0.2672168508555292
      },
      "bleu2": {
        "mean": 0.19433776643482648
      },
      "bleu3": {
        "mean": 0.15325149025793186
      },
      "bleu4": {
        "mean": 0.1238213363768377
      },
      "bert_precision": {
        "mean": 0.8853396309614296
      },
      "bert_recall": {
        "mean": 0.8856493633815626
      },
      "bert_f1": {
        "mean": 0.8850695379159769
      },
      "meteor": {
        "mean": 0.25321538465939397
      },
      "sbert_similarity": {
        "mean": 0.4790659958976896
      }
    },


    "category_1": {
      "exact_match": {
        "mean": 0.005405405405405406
      },
      "f1": {
        "mean": 0.20670463527724872
      },
      "rouge1_f": {
        "mean": 0.21397227823353765
      },
      "rouge2_f": {
        "mean": 0.07217624769196337
      },
      "rougeL_f": {
        "mean": 0.19360588676761478
      },
      "bleu1": {
        "mean": 0.1439127078916774
      },
      "bleu2": {
        "mean": 0.07944951345354714
      },
      "bleu3": {
        "mean": 0.053945774938693125
      },
      "bleu4": {
        "mean": 0.03809674420421213
      },
      "bert_precision": {
        "mean": 0.8650358959299107
      },
      "bert_recall": {
        "mean": 0.8574190668897212
      },
      "bert_f1": {
        "mean": 0.8607188372940652
      },
      "meteor": {
        "mean": 0.1115084072302976
      },
      "sbert_similarity": {
        "mean": 0.42391568871953156
      }
    },


    "category_2": {
      "exact_match": {
        "mean": 0.033504363283775054
      },
      "f1": {
        "mean": 0.3501283514043042
      },
      "rouge1_f": {
        "mean": 0.3559811170692038
      },
      "rouge2_f": {
        "mean": 0.12476229461825443
      },
      "rougeL_f": {
        "mean": 0.3412987468568091
      },
      "bleu1": {
        "mean": 0.3078571086851005
      },
      "bleu2": {
        "mean": 0.1702975458460234
      },
      "bleu3": {
        "mean": 0.11189379841394269
      },
      "bleu4": {
        "mean": 0.08471596970719503
      },
      "bert_precision": {
        "mean": 0.8881013005646652
      },
      "bert_recall": {
        "mean": 0.8931569386910571
      },
      "bert_f1": {
        "mean": 0.8900558419220609
      },
      "meteor": {
        "mean": 0.18654380265774514
      },
      "sbert_similarity": {
        "mean": 0.6458197344483582
      }
    },


    "category_3": {
      "exact_match": {
        "mean": 0.025030525030525032
      },
      "f1": {
        "mean": 0.09754853409555349
      },
      "rouge1_f": {
        "mean": 0.10626241725532387
      },
      "rouge2_f": {
        "mean": 0.03065699384007846
      },
      "rougeL_f": {
        "mean": 0.10050944385300874
      },
      "bleu1": {
        "mean": 0.09244400395931107
      },
      "bleu2": {
        "mean": 0.04925305791810574
      },
      "bleu3": {
        "mean": 0.03314643963013511
      },
      "bleu4": {
        "mean": 0.0277549442633304
      },
      "bert_precision": {
        "mean": 0.8524085108076234
      },
      "bert_recall": {
        "mean": 0.8576868629191583
      },
      "bert_f1": {
        "mean": 0.8547184039269109
      },
      "meteor": {
        "mean": 0.07306769198440059
      },
      "sbert_similarity": {
        "mean": 0.35588250888265704
      }
    },


    "category_4": {
      "exact_match": {
        "mean": 0.09233429929397326
      },
      "f1": {
        "mean": 0.32998230733000267
      },
      "rouge1_f": {
        "mean": 0.34077134490035255
      },
      "rouge2_f": {
        "mean": 0.20154688534122914
      },
      "rougeL_f": {
        "mean": 0.3342217646399027
      },
      "bleu1": {
        "mean": 0.26957071200591054
      },
      "bleu2": {
        "mean": 0.19940587749611358
      },
      "bleu3": {
        "mean": 0.15650481436194175
      },
      "bleu4": {
        "mean": 0.12358467871843204
      },
      "bert_precision": {
        "mean": 0.8807512091656641
      },
      "bert_recall": {
        "mean": 0.8900153686028862
      },
      "bert_f1": {
        "mean": 0.8850357822705327
      },
      "meteor": {
        "mean": 0.3098020165392176
      },
      "sbert_similarity": {
        "mean": 0.49249245032578565
      }
    },
    "category_5": {
      "exact_match": {
        "mean": 0.31109020623502504
      },
      "f1": {
        "mean": 0.343193293730261
      },
      "rouge1_f": {
        "mean": 0.34312967247618675
      },
      "rouge2_f": {
        "mean": 0.27516145626845184
      },
      "rougeL_f": {
        "mean": 0.3426085951928144
      },
      "bleu1": {
        "mean": 0.3347889517579871
      },
      "bleu2": {
        "mean": 0.2931747706055253
      },
      "bleu3": {
        "mean": 0.2547521737507281
      },
      "bleu4": {
        "mean": 0.2189034487832652
      },
      "bert_precision": {
        "mean": 0.9108529100610905
      },
      "bert_recall": {
        "mean": 0.8933656707433941
      },
      "bert_f1": {
        "mean": 0.9016937295766706
      },
      "meteor": {
        "mean": 0.30522820655326444
      },
      "sbert_similarity": {
        "mean": 0.3819686514898521
      }
    }
  }
}