{
  "model": "gpt-4o-mini",
  "dataset": "E:\\Pycharmproject\\data/locomo10.json",
  "total_questions": 193,
  "category_distribution": {
    "2": 27,
    "1": 31,
    "3": 8,
    "4": 86,
    "5": 41
  },
  "aggregate_metrics": {
    "overall": {
      "exact_match": {
        "mean": 0.11917098445595854,
        "std": 0.32483222718871346,
        "median": 0,
        "min": 0,
        "max": 1,
        "count": 193
      },
      "f1": {
        "mean": 0.3362862964632761,
        "std": 0.36563859828854683,
        "median": 0.17391304347826086,
        "min": 0.0,
        "max": 1.0,
        "count": 193
      },
      "rouge1_f": {
        "mean": 0.34384298149218456,
        "std": 0.36239984499629996,
        "median": 0.2105263157894737,
        "min": 0.0,
        "max": 1.0,
        "count": 193
      },
      "rouge2_f": {
        "mean": 0.19908174094073938,
        "std": 0.32747496263617726,
        "median": 0.0,
        "min": 0.0,
        "max": 1.0,
        "count": 193
      },
      "rougeL_f": {
        "mean": 0.33584302721726733,
        "std": 0.35914692327360614,
        "median": 0.2,
        "min": 0.0,
        "max": 1.0,
        "count": 193
      },
      "bleu1": {
        "mean": 0.2777878487303328,
        "std": 0.34141061996652594,
        "median": 0.12047768476488081,
        "min": 0,
        "max": 1.0,
        "count": 193
      },
      "bleu2": {
        "mean": 0.19974665061689592,
        "std": 0.2998585877242526,
        "median": 0.033149677206589796,
        "min": 0,
        "max": 1.0,
        "count": 193
      },
      "bleu3": {
        "mean": 0.15740751808527084,
        "std": 0.26873453499853234,
        "median": 0.022461584318318094,
        "min": 0,
        "max": 1.0,
        "count": 193
      },
      "bleu4": {
        "mean": 0.12732920909924078,
        "std": 0.23779128580545814,
        "median": 0.01976560930094397,
        "min": 0,
        "max": 1.0,
        "count": 193
      },
      "bert_precision": {
        "mean": 0.8890451544924721,
        "std": 0.057501965122015414,
        "median": 0.8751981258392334,
        "min": 0.7679119110107422,
        "max": 1.000000238418579,
        "count": 193
      },
      "bert_recall": {
        "mean": 0.8903231293426277,
        "std": 0.060410492625808276,
        "median": 0.877572774887085,
        "min": 0.7705330848693848,
        "max": 1.000000238418579,
        "count": 193
      },
      "bert_f1": {
        "mean": 0.8893287561718046,
        "std": 0.05641694500711108,
        "median": 0.8729040026664734,
        "min": 0.7903262376785278,
        "max": 1.000000238418579,
        "count": 193
      },
      "meteor": {
        "mean": 0.2690985888713255,
        "std": 0.33781547584228866,
        "median": 0.08695652173913045,
        "min": 0.0,
        "max": 0.9997724169321802,
        "count": 193
      },
      "sbert_similarity": {
        "mean": 0.49809694794909015,
        "std": 0.33782843326998385,
        "median": 0.5115441083908081,
        "min": -0.023380642756819725,
        "max": 1.000000238418579,
        "count": 193
      }
    },
    "category_1": {
      "exact_match": {
        "mean": 0,
        "std": 0.0,
        "median": 0,
        "min": 0,
        "max": 0,
        "count": 31
      },
      "f1": {
        "mean": 0.3126799618260719,
        "std": 0.34293270496395645,
        "median": 0.15384615384615385,
        "min": 0.0,
        "max": 0.888888888888889,
        "count": 31
      },
      "rouge1_f": {
        "mean": 0.3002300769893417,
        "std": 0.32070697570153844,
        "median": 0.2105263157894737,
        "min": 0.0,
        "max": 0.888888888888889,
        "count": 31
      },
      "rouge2_f": {
        "mean": 0.10661727056413964,
        "std": 0.20974581169541792,
        "median": 0.0,
        "min": 0.0,
        "max": 0.8,
        "count": 31
      },
      "rougeL_f": {
        "mean": 0.27337925508846417,
        "std": 0.2933629604390929,
        "median": 0.20689655172413793,
        "min": 0.0,
        "max": 0.8571428571428571,
        "count": 31
      },
      "bleu1": {
        "mean": 0.2015638800424384,
        "std": 0.25399734233952875,
        "median": 0.09022352215774179,
        "min": 0,
        "max": 0.7165313105737893,
        "count": 31
      },
      "bleu2": {
        "mean": 0.13190564786813308,
        "std": 0.20030952207929928,
        "median": 0.027524094128159027,
        "min": 0,
        "max": 0.7165313105737893,
        "count": 31
      },
      "bleu3": {
        "mean": 0.09543146449481821,
        "std": 0.1578888078520105,
        "median": 0.02060444980346269,
        "min": 0,
        "max": 0.7165313105737893,
        "count": 31
      },
      "bleu4": {
        "mean": 0.05973663105369069,
        "std": 0.09185375935529856,
        "median": 0.017033186037639283,
        "min": 0,
        "max": 0.40293516672844226,
        "count": 31
      },
      "bert_precision": {
        "mean": 0.8764224494657209,
        "std": 0.04975795122420298,
        "median": 0.867999792098999,
        "min": 0.7947925329208374,
        "max": 0.9985476136207581,
        "count": 31
      },
      "bert_recall": {
        "mean": 0.8604556764325788,
        "std": 0.04940770803048087,
        "median": 0.8500303030014038,
        "min": 0.7859976291656494,
        "max": 0.9985476136207581,
        "count": 31
      },
      "bert_f1": {
        "mean": 0.8679811839134463,
        "std": 0.04588735376826138,
        "median": 0.8596058487892151,
        "min": 0.7903706431388855,
        "max": 0.9985476136207581,
        "count": 31
      },
      "meteor": {
        "mean": 0.16058448139156128,
        "std": 0.22894320756734793,
        "median": 0.0,
        "min": 0.0,
        "max": 0.754985754985755,
        "count": 31
      },
      "sbert_similarity": {
        "mean": 0.5150801527404016,
        "std": 0.29948781823544357,
        "median": 0.5573165416717529,
        "min": 0.05986513942480087,
        "max": 0.9632324576377869,
        "count": 31
      }
    },
    "category_2": {
      "exact_match": {
        "mean": 0,
        "std": 0.0,
        "median": 0,
        "min": 0,
        "max": 0,
        "count": 27
      },
      "f1": {
        "mean": 0.316877772433328,
        "std": 0.2893958689006418,
        "median": 0.3333333333333333,
        "min": 0.0,
        "max": 0.7272727272727272,
        "count": 27
      },
      "rouge1_f": {
        "mean": 0.35866314755203643,
        "std": 0.28235361476480364,
        "median": 0.4615384615384615,
        "min": 0.0,
        "max": 0.7272727272727272,
        "count": 27
      },
      "rouge2_f": {
        "mean": 0.15567847790070014,
        "std": 0.20831171223908382,
        "median": 0.0,
        "min": 0.0,
        "max": 0.5714285714285715,
        "count": 27
      },
      "rougeL_f": {
        "mean": 0.3524903080458636,
        "std": 0.27713463747705935,
        "median": 0.4615384615384615,
        "min": 0.0,
        "max": 0.7272727272727272,
        "count": 27
      },
      "bleu1": {
        "mean": 0.25794961420207374,
        "std": 0.2456293434001093,
        "median": 0.24525296078096154,
        "min": 0,
        "max": 0.6666666666666666,
        "count": 27
      },
      "bleu2": {
        "mean": 0.13032392980193414,
        "std": 0.15191062499274385,
        "median": 0.08164965809277261,
        "min": 0,
        "max": 0.5163977794943222,
        "count": 27
      },
      "bleu3": {
        "mean": 0.07173079505968719,
        "std": 0.09086531864001648,
        "median": 0.0506976507883329,
        "min": 0,