{
  "model": "gpt-4o-mini",
  "dataset": "E:\\Pycharmproject\\data/locomo10.json",
  "total_questions": 204,
  "category_distribution": {
    "2": 32,
    "1": 32,
    "3": 7,
    "4": 87,
    "5": 46
  },
  "aggregate_metrics": {
    "overall": {
      "exact_match": {
        "mean": 0.11274509803921569,
        "std": 0.31705901258840935,
        "median": 0.0,
        "min": 0,
        "max": 1,
        "count": 204
      },
      "f1": {
        "mean": 0.28171316866427193,
        "std": 0.36506017148247105,
        "median": 0.07125000000000001,
        "min": 0.0,
        "max": 1.0,
        "count": 204
      },
      "rouge1_f": {
        "mean": 0.28134220527013737,
        "std": 0.363717878234213,
        "median": 0.07846153846153846,
        "min": 0.0,
        "max": 1.0,
        "count": 204
      },
      "rouge2_f": {
        "mean": 0.14830841997176372,
        "std": 0.29903509111277327,
        "median": 0.0,
        "min": 0.0,
        "max": 1.0,
        "count": 204
      },
      "rougeL_f": {
        "mean": 0.2729370608049439,
        "std": 0.3564699912635205,
        "median": 0.0754985754985755,
        "min": 0.0,
        "max": 1.0,
        "count": 204
      },
      "bleu1": {
        "mean": 0.2436784369838375,
        "std": 0.34783172776782806,
        "median": 0.05131578947368421,
        "min": 0,
        "max": 1.0,
        "count": 204
      },
      "bleu2": {
        "mean": 0.1668883001809345,
        "std": 0.2879371120622146,
        "median": 0.017099639201419235,
        "min": 0,
        "max": 1.0,
        "count": 204
      },
      "bleu3": {
        "mean": 0.12383314694801649,
        "std": 0.23711438644257635,
        "median": 0.012523428510015045,
        "min": 0,
        "max": 1.0,
        "count": 204
      },
      "bleu4": {
        "mean": 0.09901568370925187,
        "std": 0.2029723955875088,
        "median": 0.010182425646195498,
        "min": 0,
        "max": 1.0,
        "count": 204
      },
      "bert_precision": {
        "mean": 0.8850117194301942,
        "std": 0.05929931400247797,
        "median": 0.8684780895709991,
        "min": 0.7699777483940125,
        "max": 1.0000001192092896,
        "count": 204
      },
      "bert_recall": {
        "mean": 0.8822082783661637,
        "std": 0.06814770408633355,
        "median": 0.8689725399017334,
        "min": 0.697644829750061,
        "max": 1.0000001192092896,
        "count": 204
      },
      "bert_f1": {
        "mean": 0.8831180144174426,
        "std": 0.060912573028602375,
        "median": 0.8642285466194153,
        "min": 0.7752964496612549,
        "max": 1.0000001192092896,
        "count": 204
      },
      "meteor": {
        "mean": 0.22332036183207934,
        "std": 0.3244881115945814,
        "median": 0.0,
        "min": 0.0,
        "max": 0.9997724169321802,
        "count": 204
      },
      "sbert_similarity": {
        "mean": 0.43708830954981787,
        "std": 0.34647774972866735,
        "median": 0.3183709681034088,
        "min": -0.09588377177715302,
        "max": 1.000000238418579,
        "count": 204
      }
    },
    "category_1": {
      "exact_match": {
        "mean": 0,
        "std": 0.0,
        "median": 0.0,
        "min": 0,
        "max": 0,
        "count": 32
      },
      "f1": {
        "mean": 0.1477181341063031,
        "std": 0.2210656240595645,
        "median": 0.0,
        "min": 0.0,
        "max": 0.8,
        "count": 32
      },
      "rouge1_f": {
        "mean": 0.1428119352489701,
        "std": 0.20809841281565047,
        "median": 0.0,
        "min": 0.0,
        "max": 0.8,
        "count": 32
      },
      "rouge2_f": {
        "mean": 0.050251506370028586,
        "std": 0.10519275431428432,
        "median": 0.0,
        "min": 0.0,
        "max": 0.3636363636363636,
        "count": 32
      },
      "rougeL_f": {
        "mean": 0.13765010489182725,
        "std": 0.201211685026422,
        "median": 0.0,
        "min": 0.0,
        "max": 0.8,
        "count": 32
      },
      "bleu1": {
        "mean": 0.11006222737912957,
        "std": 0.16735198725629163,
        "median": 0.020000000000000004,
        "min": 0,
        "max": 0.6065306597126334,
        "count": 32
      },
      "bleu2": {
        "mean": 0.06335203724782278,
        "std": 0.10924200031054755,
        "median": 0.006454972243679031,
        "min": 0,
        "max": 0.4084363993014518,
        "count": 32
      },
      "bleu3": {
        "mean": 0.04477628762022245,
        "std": 0.08322974521726681,
        "median": 0.004707712209557417,
        "min": 0,
        "max": 0.35268987699007587,
        "count": 32
      },
      "bleu4": {
        "mean": 0.03184913007864243,
        "std": 0.06403183351509766,
        "median": 0.0037878656125794824,
        "min": 0,
        "max": 0.2824099048856541,
        "count": 32
      },
      "bert_precision": {
        "mean": 0.8640690390020609,
        "std": 0.044123333276347834,
        "median": 0.857067197561264,
        "min": 0.7950310707092285,
        "max": 0.9998191595077515,
        "count": 32
      },
      "bert_recall": {
        "mean": 0.8625982347875834,
        "std": 0.048398564520253116,
        "median": 0.8612984120845795,
        "min": 0.7374134063720703,
        "max": 0.9998191595077515,
        "count": 32
      },
      "bert_f1": {
        "mean": 0.8627601601183414,
        "std": 0.04085702159788002,
        "median": 0.8583119809627533,
        "min": 0.8035348057746887,
        "max": 0.9998191595077515,
        "count": 32
      },
      "meteor": {
        "mean": 0.09903395419924199,
        "std": 0.17040075652391737,
        "median": 0.0,
        "min": 0.0,
        "max": 0.78125,
        "count": 32
      },
      "sbert_similarity": {
        "mean": 0.3313586012227461,
        "std": 0.2596232210730104,
        "median": 0.25516626238822937,
        "min": -0.046578940004110336,
        "max": 0.8889626860618591,
        "count": 32
      }
    },
    "category_2": {
      "exact_match": {
        "mean": 0.0625,
        "std": 0.24593468841898236,
        "median": 0.0,
        "min": 0,
        "max": 1,
        "count": 32
      },
      "f1": {
        "mean": 0.3502795815295815,
        "std": 0.35520877240506543,
        "median": 0.29166666666666663,
        "min": 0.0,
        "max": 1.0,
        "count": 32
      },
      "rouge1_f": {
        "mean": 0.3488906926406926,
        "std": 0.35491547389933875,
        "median": 0.29166666666666663,
        "min": 0.0,
        "max": 1.0,
        "count": 32
      },
      "rouge2_f": {
        "mean": 0.05381944444444445,
        "std": 0.15675064159353247,
        "median": 0.0,
        "min": 0.0,
        "max": 0.8,
        "count": 32
      },
      "rougeL_f": {
        "mean": 0.31548295454545455,
        "std": 0.3182078366682447,
        "median": 0.29166666666666663,
        "min": 0.0,
        "max": 1.0,
        "count": 32
      },
      "bleu1": {
        "mean": 0.3182464107245075,
        "std": 0.3453313581890917,
        "median": 0.22235009788392562,
        "min": 0,
        "max": 1.0,
        "count": 32
      },
      "bleu2": {
        "mean": 0.1302704989869163,
        "std": 0.16629288992642177,
        "median": 0.07109445944848267,
        "min": 0,
        "max": 0.5773502691896257,
        "count": 32
      },
      "bleu3": {
        "mean": 0.07435973484700535,
        "std": 0.08987418893956364,
        "median": 0.049489782528797543,
        "min": 0,
        "max": 0.30935528891357367,
        "count": 32
      },
      "bleu4": {
        "mean": 0.05738676085040397,