{
  "model": "gpt-4o-mini",
  "dataset": "E:\\Pycharmproject\\data/locomo10.json",
  "total_questions": 239,
  "category_distribution": {
    "2": 42,
    "1": 21,
    "3": 10,
    "4": 118,
    "5": 48
  },
  "aggregate_metrics": {
    "overall": {
      "exact_match": {
        "mean": 0.10460251046025104,
        "std": 0.3066828298828149,
        "median": 0,
        "min": 0,
        "max": 1,
        "count": 239
      },
      "f1": {
        "mean": 0.31804064701634516,
        "std": 0.36121261974027674,
        "median": 0.1904761904761905,
        "min": 0.0,
        "max": 1.0,
        "count": 239
      },
      "rouge1_f": {
        "mean": 0.32638195178658375,
        "std": 0.3645686565677348,
        "median": 0.1935483870967742,
        "min": 0.0,
        "max": 1.0,
        "count": 239
      },
      "rouge2_f": {
        "mean": 0.20814582251976485,
        "std": 0.339935855334961,
        "median": 0.0,
        "min": 0.0,
        "max": 1.0,
        "count": 239
      },
      "rougeL_f": {
        "mean": 0.31933890657012975,
        "std": 0.36210407748445184,
        "median": 0.17391304347826086,
        "min": 0.0,
        "max": 1.0,
        "count": 239
      },
      "bleu1": {
        "mean": 0.2735328955350218,
        "std": 0.34131138892331603,
        "median": 0.10380107463819924,
        "min": 0,
        "max": 1.0,
        "count": 239
      },
      "bleu2": {
        "mean": 0.21032332642000284,
        "std": 0.3171447370715641,
        "median": 0.033149677206589796,
        "min": 0,
        "max": 1.0,
        "count": 239
      },
      "bleu3": {
        "mean": 0.1643178795092714,
        "std": 0.2696087462386306,
        "median": 0.022621325652159758,
        "min": 0,
        "max": 1.0,
        "count": 239
      },
      "bleu4": {
        "mean": 0.12364078305815866,
        "std": 0.21271193616652964,
        "median": 0.019201920550239778,
        "min": 0,
        "max": 1.0,
        "count": 239
      },
      "bert_precision": {
        "mean": 0.8841825364523852,
        "std": 0.06076086301730978,
        "median": 0.8729782700538635,
        "min": 0.7629268765449524,
        "max": 1.0000001192092896,
        "count": 239
      },
      "bert_recall": {
        "mean": 0.8815059315210606,
        "std": 0.06734594434629387,
        "median": 0.8635743856430054,
        "min": 0.720252513885498,
        "max": 1.0000001192092896,
        "count": 239
      },
      "bert_f1": {
        "mean": 0.8824254414027705,
        "std": 0.061581116775016854,
        "median": 0.8665621876716614,
        "min": 0.7547027468681335,
        "max": 1.0000001192092896,
        "count": 239
      },
      "meteor": {
        "mean": 0.26614259566266857,
        "std": 0.33851305009330807,
        "median": 0.10000000000000002,
        "min": 0.0,
        "max": 0.9995,
        "count": 239
      },
      "sbert_similarity": {
        "mean": 0.4620635015890002,
        "std": 0.34386428753567655,
        "median": 0.4300100803375244,
        "min": -0.05199442803859711,
        "max": 1.000000238418579,
        "count": 239
      }
    },
    "category_1": {
      "exact_match": {
        "mean": 0,
        "std": 0.0,
        "median": 0,
        "min": 0,
        "max": 0,
        "count": 21
      },
      "f1": {
        "mean": 0.15472752837284856,
        "std": 0.18124714038647888,
        "median": 0.1111111111111111,
        "min": 0.0,
        "max": 0.6666666666666666,
        "count": 21
      },
      "rouge1_f": {
        "mean": 0.16893984925740582,
        "std": 0.17065112032007398,
        "median": 0.15384615384615385,
        "min": 0.0,
        "max": 0.6,
        "count": 21
      },
      "rouge2_f": {
        "mean": 0.05564944703984783,
        "std": 0.1257413942561695,
        "median": 0.0,
        "min": 0.0,
        "max": 0.5,
        "count": 21
      },
      "rougeL_f": {
        "mean": 0.13975888800764932,
        "std": 0.1536787388397751,
        "median": 0.10256410256410256,
        "min": 0.0,
        "max": 0.6,
        "count": 21
      },
      "bleu1": {
        "mean": 0.12311745259781806,
        "std": 0.11958809610030427,
        "median": 0.14248453076221212,
        "min": 0,
        "max": 0.39285714285714285,
        "count": 21
      },
      "bleu2": {
        "mean": 0.05794528756049744,
        "std": 0.09173955143461193,
        "median": 0.027435163058436723,
        "min": 0,
        "max": 0.301194211912202,
        "count": 21
      },
      "bleu3": {
        "mean": 0.04449193777620405,
        "std": 0.07738314850292753,
        "median": 0.01434470564414865,
        "min": 0,
        "max": 0.301194211912202,
        "count": 21
      },
      "bleu4": {
        "mean": 0.03532229719611303,
        "std": 0.0694930502986532,
        "median": 0.009812163258584559,
        "min": 0,
        "max": 0.301194211912202,
        "count": 21
      },
      "bert_precision": {
        "mean": 0.8489388426144918,
        "std": 0.04019627289658876,
        "median": 0.8470668792724609,
        "min": 0.7769457101821899,
        "max": 0.9622845649719238,
        "count": 21
      },
      "bert_recall": {
        "mean": 0.8416108034905934,
        "std": 0.03536608951394291,
        "median": 0.8479390144348145,
        "min": 0.7471166849136353,
        "max": 0.9185789823532104,
        "count": 21
      },
      "bert_f1": {
        "mean": 0.8449090605690366,
        "std": 0.033792656029313736,
        "median": 0.8425440788269043,
        "min": 0.7793349623680115,
        "max": 0.9399240016937256,
        "count": 21
      },
      "meteor": {
        "mean": 0.07814232950008909,
        "std": 0.09627976859126276,
        "median": 0.04716981132075472,
        "min": 0.0,
        "max": 0.343796711509716,
        "count": 21
      },
      "sbert_similarity": {
        "mean": 0.40325717929573285,
        "std": 0.2189323282688247,
        "median": 0.464483380317688,
        "min": 0.0006867684423923492,
        "max": 0.7920750975608826,
        "count": 21
      }
    },
    "category_2": {
      "exact_match": {
        "mean": 0.047619047619047616,
        "std": 0.21554026870452114,
        "median": 0.0,
        "min": 0,
        "max": 1,
        "count": 42
      },
      "f1": {
        "mean": 0.3809592523878238,
        "std": 0.3344550322948402,
        "median": 0.4,
        "min": 0.0,
        "max": 1.0,
        "count": 42
      },
      "rouge1_f": {
        "mean": 0.38411495911495913,
        "std": 0.33749679934743376,
        "median": 0.4,
        "min": 0.0,
        "max": 1.0,
        "count": 42
      },
      "rouge2_f": {
        "mean": 0.17416855631141345,
        "std": 0.2800889529337042,
        "median": 0.0,
        "min": 0.0,
        "max": 1.0,
        "count": 42
      },
      "rougeL_f": {
        "mean": 0.37617845117845117,
        "std": 0.3263973059119281,
        "median": 0.4,
        "min": 0.0,
        "max": 1.0,
        "count": 42
      },
      "bleu1": {
        "mean": 0.33516656288759067,
        "std": 0.3244614989172759,
        "median": 0.3032653298563167,
        "min": 0,
        "max": 1.0,
        "count": 42
      },
      "bleu2": {
        "mean": 0.21567278014424382,
        "std": 0.25769339156780846,
        "median": 0.09564354645876386,
        "min": 0,
        "max": 1.0,
        "count": 42
      },
      "bleu3": {
        "mean": 0.15204515710800742,
        "std": 0.19583202431161414,
        "median": 0.06798673418725898,
        "min": 0,
        "max": 0.7788007830714049,
        "count": 42
      },
      "bleu4": {
        "mean": 0.1145833062880613,