{
  "model": "gpt-4o-mini",
  "dataset": "E:\\Pycharmproject\\data/locomo10.json",
  "total_questions": 105,
  "category_distribution": {
    "2": 26,
    "4": 44,
    "1": 11,
    "5": 24
  },
  "aggregate_metrics": {
    "overall": {
      "exact_match": {
        "mean": 0.10476190476190476,
        "std": 0.307715200613562,
        "median": 0,
        "min": 0,
        "max": 1,
        "count": 105
      },
      "f1": {
        "mean": 0.3402044210449123,
        "std": 0.3381609058662171,
        "median": 0.25,
        "min": 0.0,
        "max": 1.0,
        "count": 105
      },
      "rouge1_f": {
        "mean": 0.34633840432036167,
        "std": 0.33328559197786256,
        "median": 0.2857142857142857,
        "min": 0.0,
        "max": 1.0,
        "count": 105
      },
      "rouge2_f": {
        "mean": 0.2154964771042846,
        "std": 0.32529243545574316,
        "median": 0.0,
        "min": 0.0,
        "max": 1.0,
        "count": 105
      },
      "rougeL_f": {
        "mean": 0.33930471324425326,
        "std": 0.3350811536550917,
        "median": 0.2608695652173913,
        "min": 0.0,
        "max": 1.0,
        "count": 105
      },
      "bleu1": {
        "mean": 0.2895595054628489,
        "std": 0.3289050790149869,
        "median": 0.15384615384615385,
        "min": 0,
        "max": 1.0,
        "count": 105
      },
      "bleu2": {
        "mean": 0.2223128610059373,
        "std": 0.3179025148136424,
        "median": 0.05789300674674099,
        "min": 0,
        "max": 1.0,
        "count": 105
      },
      "bleu3": {
        "mean": 0.17471100709601856,
        "std": 0.2802141925314376,
        "median": 0.037974520135397725,
        "min": 0,
        "max": 1.0,
        "count": 105
      },
      "bleu4": {
        "mean": 0.13987866455200107,
        "std": 0.24848297377948408,
        "median": 0.033031643180138064,
        "min": 0,
        "max": 1.0,
        "count": 105
      },
      "bert_precision": {
        "mean": 0.8855907956759135,
        "std": 0.05825305585803196,
        "median": 0.873159646987915,
        "min": 0.7781696319580078,
        "max": 1.0,
        "count": 105
      },
      "bert_recall": {
        "mean": 0.894770576272692,
        "std": 0.06126948013943261,
        "median": 0.8808618187904358,
        "min": 0.7641971111297607,
        "max": 1.0,
        "count": 105
      },
      "bert_f1": {
        "mean": 0.8896737955865406,
        "std": 0.056452685350618086,
        "median": 0.8711246252059937,
        "min": 0.8050899505615234,
        "max": 1.0,
        "count": 105
      },
      "meteor": {
        "mean": 0.3045475261953128,
        "std": 0.3453240615874948,
        "median": 0.16129032258064518,
        "min": 0.0,
        "max": 0.9990234375,
        "count": 105
      },
      "sbert_similarity": {
        "mean": 0.49713449416061245,
        "std": 0.33566999525559915,
        "median": 0.49314939975738525,
        "min": 0.020479951053857803,
        "max": 1.000000238418579,
        "count": 105
      }
    },
    "category_1": {
      "exact_match": {
        "mean": 0,
        "std": 0.0,
        "median": 0,
        "min": 0,
        "max": 0,
        "count": 11
      },
      "f1": {
        "mean": 0.3035094196059941,
        "std": 0.27937387474532865,
        "median": 0.20512820512820515,
        "min": 0.0,
        "max": 0.8,
        "count": 11
      },
      "rouge1_f": {
        "mean": 0.31258793004036134,
        "std": 0.2839938216232581,
        "median": 0.2325581395348837,
        "min": 0.0,
        "max": 0.8,
        "count": 11
      },
      "rouge2_f": {
        "mean": 0.10629794383771055,
        "std": 0.1757146335313389,
        "median": 0.0,
        "min": 0.0,
        "max": 0.43478260869565216,
        "count": 11
      },
      "rougeL_f": {
        "mean": 0.2979699898410258,
        "std": 0.290868929370095,
        "median": 0.18604651162790697,
        "min": 0.0,
        "max": 0.8,
        "count": 11
      },
      "bleu1": {
        "mean": 0.18077045078336512,
        "std": 0.2092569575562796,
        "median": 0.08300915602566021,
        "min": 0,
        "max": 0.6666666666666666,
        "count": 11
      },
      "bleu2": {
        "mean": 0.09006802358313667,
        "std": 0.10780389722535219,
        "median": 0.027531022470118405,
        "min": 0,
        "max": 0.29476596093379326,
        "count": 11
      },
      "bleu3": {
        "mean": 0.0710052046394292,
        "std": 0.08849180371530734,
        "median": 0.020509688729890684,
        "min": 0,
        "max": 0.23078225666334426,
        "count": 11
      },
      "bleu4": {
        "mean": 0.053523175001835836,
        "std": 0.0661641296414443,
        "median": 0.017212239801819764,
        "min": 0,
        "max": 0.17811972446871788,
        "count": 11
      },
      "bert_precision": {
        "mean": 0.874966258352453,
        "std": 0.04864323286960636,
        "median": 0.8826864957809448,
        "min": 0.7862227559089661,
        "max": 0.94429612159729,
        "count": 11
      },
      "bert_recall": {
        "mean": 0.8691113157705828,
        "std": 0.031065617910211733,
        "median": 0.8615987300872803,
        "min": 0.8331232666969299,
        "max": 0.9302922487258911,
        "count": 11
      },
      "bert_f1": {
        "mean": 0.8714732473546808,
        "std": 0.03382759187863368,
        "median": 0.871627926826477,
        "min": 0.8089938163757324,
        "max": 0.9302922487258911,
        "count": 11
      },
      "meteor": {
        "mean": 0.13119917526925376,
        "std": 0.12825283873423793,
        "median": 0.10638297872340426,
        "min": 0.0,
        "max": 0.4166666666666667,
        "count": 11
      },
      "sbert_similarity": {
        "mean": 0.42046470601450314,
        "std": 0.2889534862738379,
        "median": 0.4504142105579376,
        "min": 0.05120173841714859,
        "max": 0.9413191080093384,
        "count": 11
      }
    },
    "category_2": {
      "exact_match": {
        "mean": 0.11538461538461539,
        "std": 0.3258125936084211,
        "median": 0.0,
        "min": 0,
        "max": 1,
        "count": 26
      },
      "f1": {
        "mean": 0.5123626373626373,
        "std": 0.31505678805017673,
        "median": 0.5714285714285715,
        "min": 0.0,
        "max": 1.0,
        "count": 26
      },
      "rouge1_f": {
        "mean": 0.502960927960928,
        "std": 0.31342511301906834,
        "median": 0.5714285714285715,
        "min": 0.0,
        "max": 1.0,
        "count": 26
      },
      "rouge2_f": {
        "mean": 0.3783882783882784,
        "std": 0.32128774557145323,
        "median": 0.4,
        "min": 0.0,
        "max": 1.0,
        "count": 26
      },
      "rougeL_f": {
        "mean": 0.502960927960928,
        "std": 0.31342511301906834,
        "median": 0.5714285714285715,
        "min": 0.0,
        "max": 1.0,
        "count": 26
      },
      "bleu1": {
        "mean": 0.47097069597069596,
        "std": 0.3205239610832032,
        "median": 0.4642857142857143,
        "min": 0,
        "max": 1.0,
        "count": 26
      },
      "bleu2": {
        "mean": 0.3872303977582234,
        "std": 0.33654754140182364,
        "median": 0.3226128574608258,
        "min": 0,
        "max": 1.0,
        "count": 26
      },
      "bleu3": {
        "mean": 0.32979295863733055,
        "std": 0.33808084222234946,
        "median": 0.1635598987584516,
        "min": 0,
        "max": 1.0,
        "count": 26
      },
      "bleu4": {
        "mean": 0.2558648925089021,
        "std": 0.31117837208262017,