{
  "model": "gpt-4o-mini",
  "dataset": "E:\\Pycharmproject\\data/locomo10.json",
  "total_questions": 196,
  "category_distribution": {
    "1": 37,
    "2": 33,
    "3": 13,
    "4": 73,
    "5": 40
  },
  "aggregate_metrics": {
    "overall": {
      "exact_match": {
        "mean": 0.12244897959183673,
        "std": 0.32864308822010974,
        "median": 0.0,
        "min": 0,
        "max": 1,
        "count": 196
      },
      "f1": {
        "mean": 0.3000229805041811,
        "std": 0.3611319019717367,
        "median": 0.16666666666666669,
        "min": 0.0,
        "max": 1.0,
        "count": 196
      },
      "rouge1_f": {
        "mean": 0.3042284732309422,
        "std": 0.3593660341183486,
        "median": 0.17786561264822134,
        "min": 0.0,
        "max": 1.0,
        "count": 196
      },
      "rouge2_f": {
        "mean": 0.15618844820803365,
        "std": 0.31276698617512,
        "median": 0.0,
        "min": 0.0,
        "max": 1.0,
        "count": 196
      },
      "rougeL_f": {
        "mean": 0.29242958577000333,
        "std": 0.352459008316872,
        "median": 0.16666666666666669,
        "min": 0.0,
        "max": 1.0,
        "count": 196
      },
      "bleu1": {
        "mean": 0.2630379524745115,
        "std": 0.34860155483433813,
        "median": 0.09394052938674798,
        "min": 0,
        "max": 1.0,
        "count": 196
      },
      "bleu2": {
        "mean": 0.18210135431544938,
        "std": 0.3042876857776491,
        "median": 0.03015113445777637,
        "min": 0,
        "max": 1.0,
        "count": 196
      },
      "bleu3": {
        "mean": 0.14661934799517617,
        "std": 0.2802539419199677,
        "median": 0.020597334502497483,
        "min": 0,
        "max": 1.0,
        "count": 196
      },
      "bleu4": {
        "mean": 0.11534882366615053,
        "std": 0.23199864238242088,
        "median": 0.014612413480300571,
        "min": 0,
        "max": 1.0,
        "count": 196
      },
      "bert_precision": {
        "mean": 0.8831657755131624,
        "std": 0.05739137407445255,
        "median": 0.8710887730121613,
        "min": 0.7571168541908264,
        "max": 1.0000001192092896,
        "count": 196
      },
      "bert_recall": {
        "mean": 0.8795612667288099,
        "std": 0.0643305497705068,
        "median": 0.8675514757633209,
        "min": 0.744498074054718,
        "max": 1.0000001192092896,
        "count": 196
      },
      "bert_f1": {
        "mean": 0.880903212999811,
        "std": 0.05797003834934339,
        "median": 0.8656419217586517,
        "min": 0.7905428409576416,
        "max": 1.0000001192092896,
        "count": 196
      },
      "meteor": {
        "mean": 0.2290391414672495,
        "std": 0.3279643001929666,
        "median": 0.06980994152046785,
        "min": 0.0,
        "max": 0.9996243425995492,
        "count": 196
      },
      "sbert_similarity": {
        "mean": 0.47127502577673946,
        "std": 0.3395257150271849,
        "median": 0.4151253253221512,
        "min": -0.06546467542648315,
        "max": 1.0000001192092896,
        "count": 196
      }
    },
    "category_1": {
      "exact_match": {
        "mean": 0,
        "std": 0.0,
        "median": 0,
        "min": 0,
        "max": 0,
        "count": 37
      },
      "f1": {
        "mean": 0.21752604279078583,
        "std": 0.22744194252285668,
        "median": 0.22222222222222224,
        "min": 0.0,
        "max": 0.8,
        "count": 37
      },
      "rouge1_f": {
        "mean": 0.21852367488974886,
        "std": 0.22471203261150013,
        "median": 0.2105263157894737,
        "min": 0.0,
        "max": 0.8,
        "count": 37
      },
      "rouge2_f": {
        "mean": 0.0531035312167978,
        "std": 0.12708977667076782,
        "median": 0.0,
        "min": 0.0,
        "max": 0.5882352941176471,
        "count": 37
      },
      "rougeL_f": {
        "mean": 0.200854734843863,
        "std": 0.22281247071116947,
        "median": 0.1739130434782609,
        "min": 0.0,
        "max": 0.8,
        "count": 37
      },
      "bleu1": {
        "mean": 0.14559302086758047,
        "std": 0.17279234234701268,
        "median": 0.07325278573256963,
        "min": 0,
        "max": 0.6666666666666666,
        "count": 37
      },
      "bleu2": {
        "mean": 0.06754912751020999,
        "std": 0.10163001171316427,
        "median": 0.023746515817818125,
        "min": 0,
        "max": 0.4716217301670694,
        "count": 37
      },
      "bleu3": {
        "mean": 0.04560282500485953,
        "std": 0.0825251251399858,
        "median": 0.012523428510015045,
        "min": 0,
        "max": 0.4433358924349838,
        "count": 37
      },
      "bleu4": {
        "mean": 0.03723060677747003,
        "std": 0.07291690361723904,
        "median": 0.010182425646195498,
        "min": 0,
        "max": 0.39938791763778786,
        "count": 37
      },
      "bert_precision": {
        "mean": 0.8636485837601326,
        "std": 0.040300756793353716,
        "median": 0.8600335121154785,
        "min": 0.7571168541908264,
        "max": 0.9445251226425171,
        "count": 37
      },
      "bert_recall": {
        "mean": 0.8559723802514978,
        "std": 0.0429314778758945,
        "median": 0.853478193283081,
        "min": 0.7553614974021912,
        "max": 0.9445251226425171,
        "count": 37
      },
      "bert_f1": {
        "mean": 0.8593650379696408,
        "std": 0.037316903263251995,
        "median": 0.8507587313652039,
        "min": 0.7917532920837402,
        "max": 0.9445251226425171,
        "count": 37
      },
      "meteor": {
        "mean": 0.11585529746439471,
        "std": 0.15115430665078677,
        "median": 0.059523809523809534,
        "min": 0.0,
        "max": 0.48996913580246915,
        "count": 37
      },
      "sbert_similarity": {
        "mean": 0.4219500563434652,
        "std": 0.24015909245795855,
        "median": 0.4144580066204071,
        "min": -0.05497868359088898,
        "max": 0.9596604704856873,
        "count": 37
      }
    },
    "category_2": {
      "exact_match": {
        "mean": 0,
        "std": 0.0,
        "median": 0,
        "min": 0,
        "max": 0,
        "count": 33
      },
      "f1": {
        "mean": 0.30682036818400454,
        "std": 0.3375211144397183,
        "median": 0.2222222222222222,
        "min": 0.0,
        "max": 1.0,
        "count": 33
      },
      "rouge1_f": {
        "mean": 0.31087960860688135,
        "std": 0.33708615410885157,
        "median": 0.22222222222222224,
        "min": 0.0,
        "max": 1.0,
        "count": 33
      },
      "rouge2_f": {
        "mean": 0.07089425725789363,
        "std": 0.16624290858482788,
        "median": 0.0,
        "min": 0.0,
        "max": 0.6,
        "count": 33
      },
      "rougeL_f": {
        "mean": 0.27595897368624644,
        "std": 0.2890206327669518,
        "median": 0.22222222222222224,
        "min": 0.0,
        "max": 0.8333333333333334,
        "count": 33
      },
      "bleu1": {
        "mean": 0.2914316715304831,
        "std": 0.30724635395005595,
        "median": 0.19470019576785122,
        "min": 0,
        "max": 1.0,
        "count": 33
      },
      "bleu2": {
        "mean": 0.1434945992097823,
        "std": 0.18460663187250576,
        "median": 0.07109445944848267,
        "min": 0,
        "max": 0.5976143046671969,
        "count": 33
      },
      "bleu3": {
        "mean": 0.0811479416251207,
        "std": 0.11356697789572134,
        "median": 0.047098549390932394,
        "min": 0,
        "max": 0.5261597794341889,
        "count": 33
      },