{
  "model": "gpt-4o-mini",
  "dataset": "E:\\Pycharmproject\\data/locomo10.json",
  "total_questions": 199,
  "category_distribution": {
    "2": 37,
    "3": 13,
    "1": 32,
    "4": 70,
    "5": 47
  },
  "aggregate_metrics": {
    "overall": {
      "exact_match": {
        "mean": 0.10552763819095477,
        "std": 0.3080069492688907,
        "median": 0,
        "min": 0,
        "max": 1,
        "count": 199
      },
      "f1": {
        "mean": 0.29920426186462085,
        "std": 0.3579830896301398,
        "median": 0.14285714285714288,
        "min": 0.0,
        "max": 1.0,
        "count": 199
      },
      "rouge1_f": {
        "mean": 0.3063854813827081,
        "std": 0.3582655191029476,
        "median": 0.15384615384615383,
        "min": 0.0,
        "max": 1.0,
        "count": 199
      },
      "rouge2_f": {
        "mean": 0.21515087486788095,
        "std": 0.35295072528903926,
        "median": 0.0,
        "min": 0.0,
        "max": 1.0,
        "count": 199
      },
      "rougeL_f": {
        "mean": 0.2997354986648862,
        "std": 0.3567981989504543,
        "median": 0.14634146341463417,
        "min": 0.0,
        "max": 1.0,
        "count": 199
      },
      "bleu1": {
        "mean": 0.261456324223584,
        "std": 0.33430135325280597,
        "median": 0.10714285714285714,
        "min": 0,
        "max": 1.0,
        "count": 199
      },
      "bleu2": {
        "mean": 0.20191424172534342,
        "std": 0.3220827413686076,
        "median": 0.030860669992418384,
        "min": 0,
        "max": 1.0,
        "count": 199
      },
      "bleu3": {
        "mean": 0.16857874014334245,
        "std": 0.3030221083977152,
        "median": 0.021746357799665227,
        "min": 0,
        "max": 1.0,
        "count": 199
      },
      "bleu4": {
        "mean": 0.14141215829254183,
        "std": 0.27196724227943914,
        "median": 0.016182712188007015,
        "min": 0,
        "max": 1.0,
        "count": 199
      },
      "bert_precision": {
        "mean": 0.8862291954869601,
        "std": 0.05659782818264081,
        "median": 0.8728057742118835,
        "min": 0.7833176851272583,
        "max": 1.0000001192092896,
        "count": 199
      },
      "bert_recall": {
        "mean": 0.8882607619966095,
        "std": 0.06310345165115443,
        "median": 0.8773373961448669,
        "min": 0.7676972150802612,
        "max": 1.0000001192092896,
        "count": 199
      },
      "bert_f1": {
        "mean": 0.8868842753932704,
        "std": 0.05747557641531628,
        "median": 0.8702569007873535,
        "min": 0.7828388810157776,
        "max": 1.0000001192092896,
        "count": 199
      },
      "meteor": {
        "mean": 0.24242902612647524,
        "std": 0.34211765602069943,
        "median": 0.078125,
        "min": 0.0,
        "max": 0.9996243425995492,
        "count": 199
      },
      "sbert_similarity": {
        "mean": 0.47983195030846487,
        "std": 0.3361690022885847,
        "median": 0.46682387590408325,
        "min": -0.060941942036151886,
        "max": 1.0000001192092896,
        "count": 199
      }
    },
    "category_1": {
      "exact_match": {
        "mean": 0,
        "std": 0.0,
        "median": 0.0,
        "min": 0,
        "max": 0,
        "count": 32
      },
      "f1": {
        "mean": 0.12663645790995415,
        "std": 0.1561586836680995,
        "median": 0.09401709401709402,
        "min": 0.0,
        "max": 0.6666666666666666,
        "count": 32
      },
      "rouge1_f": {
        "mean": 0.12499979724561368,
        "std": 0.15508113614284222,
        "median": 0.09586056644880174,
        "min": 0.0,
        "max": 0.6666666666666666,
        "count": 32
      },
      "rouge2_f": {
        "mean": 0.016543786075036076,
        "std": 0.04270307473927549,
        "median": 0.0,
        "min": 0.0,
        "max": 0.16666666666666666,
        "count": 32
      },
      "rougeL_f": {
        "mean": 0.10950500557894702,
        "std": 0.12270843191337781,
        "median": 0.06828703703703703,
        "min": 0.0,
        "max": 0.3333333333333333,
        "count": 32
      },
      "bleu1": {
        "mean": 0.08862209611011031,
        "std": 0.1015609968288293,
        "median": 0.08559952301928778,
        "min": 0,
        "max": 0.36363636363636365,
        "count": 32
      },
      "bleu2": {
        "mean": 0.0353478610251636,
        "std": 0.054043826255047354,
        "median": 0.02383958197604478,
        "min": 0,
        "max": 0.26967994498529685,
        "count": 32
      },
      "bleu3": {
        "mean": 0.025153236465784615,
        "std": 0.04005067255016114,
        "median": 0.01613141958139021,
        "min": 0,
        "max": 0.20392012162530065,
        "count": 32
      },
      "bleu4": {
        "mean": 0.018579076056258914,
        "std": 0.025707116965084393,
        "median": 0.012299143324100995,
        "min": 0,
        "max": 0.10025157431478134,
        "count": 32
      },
      "bert_precision": {
        "mean": 0.8433621451258659,
        "std": 0.03149835240560744,
        "median": 0.8438631296157837,
        "min": 0.7833176851272583,
        "max": 0.9074835181236267,
        "count": 32
      },
      "bert_recall": {
        "mean": 0.8479868620634079,
        "std": 0.03421043340825014,
        "median": 0.8505591154098511,
        "min": 0.7853319644927979,
        "max": 0.9132906198501587,
        "count": 32
      },
      "bert_f1": {
        "mean": 0.8451393656432629,
        "std": 0.024947627535063598,
        "median": 0.8385671973228455,
        "min": 0.7951429486274719,
        "max": 0.8899312615394592,
        "count": 32
      },
      "meteor": {
        "mean": 0.06389913148521519,
        "std": 0.11650939987489396,
        "median": 0.0,
        "min": 0.0,
        "max": 0.4687500000000001,
        "count": 32
      },
      "sbert_similarity": {
        "mean": 0.3505789008922875,
        "std": 0.23093427369042968,
        "median": 0.2814958691596985,
        "min": 0.045841362327337265,
        "max": 0.8309195041656494,
        "count": 32
      }
    },
    "category_2": {
      "exact_match": {
        "mean": 0,
        "std": 0.0,
        "median": 0,
        "min": 0,
        "max": 0,
        "count": 37
      },
      "f1": {
        "mean": 0.37164697164697164,
        "std": 0.3131312011409737,
        "median": 0.4444444444444444,
        "min": 0.0,
        "max": 1.0,
        "count": 37
      },
      "rouge1_f": {
        "mean": 0.36934274434274433,
        "std": 0.31255658230020283,
        "median": 0.4444444444444444,
        "min": 0.0,
        "max": 1.0,
        "count": 37
      },
      "rouge2_f": {
        "mean": 0.2483561483561484,
        "std": 0.26670807596139534,
        "median": 0.22222222222222224,
        "min": 0.0,
        "max": 1.0,
        "count": 37
      },
      "rougeL_f": {
        "mean": 0.36934274434274433,
        "std": 0.31255658230020283,
        "median": 0.4444444444444444,
        "min": 0.0,
        "max": 1.0,
        "count": 37
      },
      "bleu1": {
        "mean": 0.29291032442084325,
        "std": 0.253255453969764,
        "median": 0.2857142857142857,
        "min": 0,
        "max": 0.75,
        "count": 37
      },
      "bleu2": {
        "mean": 0.1716329616171827,
        "std": 0.17287651181575875,
        "median": 0.12909944487358058,
        "min": 0,
        "max": 0.5477225575051662,
        "count": 37
      },
      "bleu3": {
        "mean": 0.09775415266909883,
        "std": 0.11672579269217134,
        "median": 0.09635409769034631,
        "min": 0,
        "max": 0.4677351412871982,