{
  "model": "gpt-4o-mini",
  "dataset": "E:\\Pycharmproject\\data/locomo10.json",
  "total_questions": 260,
  "category_distribution": {
    "3": 11,
    "1": 37,
    "2": 40,
    "4": 111,
    "5": 61
  },
  "aggregate_metrics": {
    "overall": {
      "exact_match": {
        "mean": 0.08076923076923077,
        "std": 0.2730059056727977,
        "median": 0.0,
        "min": 0,
        "max": 1,
        "count": 260
      },
      "f1": {
        "mean": 0.21950716225901157,
        "std": 0.3208894999727095,
        "median": 0.0,
        "min": 0.0,
        "max": 1.0,
        "count": 260
      },
      "rouge1_f": {
        "mean": 0.22662964390761756,
        "std": 0.31672793161913515,
        "median": 0.06559139784946236,
        "min": 0.0,
        "max": 1.0,
        "count": 260
      },
      "rouge2_f": {
        "mean": 0.1265159821115108,
        "std": 0.2903170643983956,
        "median": 0.0,
        "min": 0.0,
        "max": 1.0,
        "count": 260
      },
      "rougeL_f": {
        "mean": 0.22151216081599653,
        "std": 0.31462979522192414,
        "median": 0.06559139784946236,
        "min": 0.0,
        "max": 1.0,
        "count": 260
      },
      "bleu1": {
        "mean": 0.1929096538174858,
        "std": 0.3010507370682792,
        "median": 0.017080540581647735,
        "min": 0,
        "max": 1.0,
        "count": 260
      },
      "bleu2": {
        "mean": 0.1373458068438845,
        "std": 0.2716055909800292,
        "median": 0.005746454137388987,
        "min": 0,
        "max": 1.0,
        "count": 260
      },
      "bleu3": {
        "mean": 0.10550616184181809,
        "std": 0.23670987559591775,
        "median": 0.0043414879417149315,
        "min": 0,
        "max": 1.0,
        "count": 260
      },
      "bleu4": {
        "mean": 0.08359993101223825,
        "std": 0.19514056953948747,
        "median": 0.003728440965122451,
        "min": 0,
        "max": 1.0,
        "count": 260
      },
      "bert_precision": {
        "mean": 0.8736169737118941,
        "std": 0.054234334786510956,
        "median": 0.8620990514755249,
        "min": 0.7364767789840698,
        "max": 1.000000238418579,
        "count": 260
      },
      "bert_recall": {
        "mean": 0.869356866983267,
        "std": 0.0606243711478196,
        "median": 0.858552873134613,
        "min": 0.7485616207122803,
        "max": 1.000000238418579,
        "count": 260
      },
      "bert_f1": {
        "mean": 0.8710478532772797,
        "std": 0.05435798691350758,
        "median": 0.8575502038002014,
        "min": 0.7699543833732605,
        "max": 1.000000238418579,
        "count": 260
      },
      "meteor": {
        "mean": 0.17645504797678807,
        "std": 0.2994793635883482,
        "median": 0.0,
        "min": 0.0,
        "max": 0.9996243425995492,
        "count": 260
      },
      "sbert_similarity": {
        "mean": 0.3999394441686141,
        "std": 0.32149243258173643,
        "median": 0.3078673481941223,
        "min": -0.07725780457258224,
        "max": 1.000000238418579,
        "count": 260
      }
    },
    "category_1": {
      "exact_match": {
        "mean": 0.05405405405405406,
        "std": 0.22924343513512563,
        "median": 0,
        "min": 0,
        "max": 1,
        "count": 37
      },
      "f1": {
        "mean": 0.1465202215202215,
        "std": 0.2703606455465641,
        "median": 0.0,
        "min": 0.0,
        "max": 1.0,
        "count": 37
      },
      "rouge1_f": {
        "mean": 0.15749483249483248,
        "std": 0.26232500471021486,
        "median": 0.0,
        "min": 0.0,
        "max": 1.0,
        "count": 37
      },
      "rouge2_f": {
        "mean": 0.038139713139713136,
        "std": 0.09473226425067217,
        "median": 0.0,
        "min": 0.0,
        "max": 0.45454545454545453,
        "count": 37
      },
      "rougeL_f": {
        "mean": 0.15258082758082758,
        "std": 0.25649381777293034,
        "median": 0.0,
        "min": 0.0,
        "max": 1.0,
        "count": 37
      },
      "bleu1": {
        "mean": 0.12425536230151443,
        "std": 0.23977935707159648,
        "median": 0.002594292234212468,
        "min": 0,
        "max": 1.0,
        "count": 37
      },
      "bleu2": {
        "mean": 0.05119243609084612,
        "std": 0.09380856326620594,
        "median": 0.0015034391929775724,
        "min": 0,
        "max": 0.316227766016838,
        "count": 37
      },
      "bleu3": {
        "mean": 0.03344494725406368,
        "std": 0.062322121344361076,
        "median": 0.0007032113433440761,
        "min": 0,
        "max": 0.22651656746142707,
        "count": 37
      },
      "bleu4": {
        "mean": 0.025224206168421425,
        "std": 0.04536421200349146,
        "median": 0.0005764764391630022,
        "min": 0,
        "max": 0.1778279410038923,
        "count": 37
      },
      "bert_precision": {
        "mean": 0.862746910468952,
        "std": 0.05198682977149422,
        "median": 0.8474224805831909,
        "min": 0.7491493225097656,
        "max": 0.9997708201408386,
        "count": 37
      },
      "bert_recall": {
        "mean": 0.8500099649300447,
        "std": 0.05657241377949882,
        "median": 0.8384891152381897,
        "min": 0.7485616207122803,
        "max": 0.9997708201408386,
        "count": 37
      },
      "bert_f1": {
        "mean": 0.855721615456246,
        "std": 0.049284540132478266,
        "median": 0.8490189909934998,
        "min": 0.7699543833732605,
        "max": 0.9997708201408386,
        "count": 37
      },
      "meteor": {
        "mean": 0.08414462945858635,
        "std": 0.15736711695621886,
        "median": 0.0,
        "min": 0.0,
        "max": 0.5943152454780362,
        "count": 37
      },
      "sbert_similarity": {
        "mean": 0.3831087752572588,
        "std": 0.28399620938407827,
        "median": 0.2838687002658844,
        "min": -0.02099604532122612,
        "max": 1.0,
        "count": 37
      }
    },
    "category_2": {
      "exact_match": {
        "mean": 0,
        "std": 0.0,
        "median": 0.0,
        "min": 0,
        "max": 0,
        "count": 40
      },
      "f1": {
        "mean": 0.23349025974025975,
        "std": 0.23394596936857237,
        "median": 0.25,
        "min": 0.0,
        "max": 0.8,
        "count": 40
      },
      "rouge1_f": {
        "mean": 0.23960137085137087,
        "std": 0.23080787648514617,
        "median": 0.25,
        "min": 0.0,
        "max": 0.8,
        "count": 40
      },
      "rouge2_f": {
        "mean": 0.050277777777777775,
        "std": 0.15614433749276382,
        "median": 0.0,
        "min": 0.0,
        "max": 0.6666666666666666,
        "count": 40
      },
      "rougeL_f": {
        "mean": 0.23960137085137087,
        "std": 0.23080787648514617,
        "median": 0.25,
        "min": 0.0,
        "max": 0.8,
        "count": 40
      },
      "bleu1": {
        "mean": 0.23294516961765777,
        "std": 0.22452145600830645,
        "median": 0.23618327637050734,
        "min": 0,
        "max": 0.5971094254781577,
        "count": 40
      },
      "bleu2": {
        "mean": 0.11558841327914987,
        "std": 0.14342007667268108,
        "median": 0.08464817248906142,
        "min": 0,
        "max": 0.5506953149031837,
        "count": 40
      },
      "bleu3": {
        "mean": 0.0686557348766153,
        "std": 0.10032501969061046,
        "median": 0.054819843226380754,
        "min": 0,
        "max": 0.49288611328092413,
        "count": 40
      },
      "bleu4": {
        "mean": 0.049977027878206494,
        "std": 0.06407682858554742,