{
  "model": "gpt-4o-mini",
  "dataset": "E:\\Pycharmproject\\data/locomo10.json",
  "total_questions": 190,
  "category_distribution": {
    "3": 13,
    "2": 34,
    "1": 20,
    "4": 83,
    "5": 40
  },
  "aggregate_metrics": {
    "overall": {
      "exact_match": {
        "mean": 0.14210526315789473,
        "std": 0.3500805492703695,
        "median": 0.0,
        "min": 0,
        "max": 1,
        "count": 190
      },
      "f1": {
        "mean": 0.3405329592267738,
        "std": 0.3737035257874396,
        "median": 0.2,
        "min": 0.0,
        "max": 1.0,
        "count": 190
      },
      "rouge1_f": {
        "mean": 0.34834627776386856,
        "std": 0.3718696847646655,
        "median": 0.20526315789473687,
        "min": 0.0,
        "max": 1.0,
        "count": 190
      },
      "rouge2_f": {
        "mean": 0.1653439195519955,
        "std": 0.33129793707514105,
        "median": 0.0,
        "min": 0.0,
        "max": 1.0,
        "count": 190
      },
      "rougeL_f": {
        "mean": 0.33452934082781804,
        "std": 0.3652933044293408,
        "median": 0.2,
        "min": 0.0,
        "max": 1.0,
        "count": 190
      },
      "bleu1": {
        "mean": 0.30055653171622754,
        "std": 0.3601797167355774,
        "median": 0.13043478260869565,
        "min": 0,
        "max": 1.0,
        "count": 190
      },
      "bleu2": {
        "mean": 0.21158861763458953,
        "std": 0.315814104482058,
        "median": 0.04271845877614608,
        "min": 0,
        "max": 1.0,
        "count": 190
      },
      "bleu3": {
        "mean": 0.152949085752376,
        "std": 0.2594351692955481,
        "median": 0.03014498426472466,
        "min": 0,
        "max": 1.0,
        "count": 190
      },
      "bleu4": {
        "mean": 0.12653746883998254,
        "std": 0.23546778799862636,
        "median": 0.023980296761827107,
        "min": 0,
        "max": 1.0,
        "count": 190
      },
      "bert_precision": {
        "mean": 0.8892894512728641,
        "std": 0.06190206920155849,
        "median": 0.8739030659198761,
        "min": 0.7861936688423157,
        "max": 1.000000238418579,
        "count": 190
      },
      "bert_recall": {
        "mean": 0.8950211634761409,
        "std": 0.06124080615433314,
        "median": 0.8813913464546204,
        "min": 0.7694649696350098,
        "max": 1.000000238418579,
        "count": 190
      },
      "bert_f1": {
        "mean": 0.8917895163360395,
        "std": 0.05916824620754562,
        "median": 0.8725456893444061,
        "min": 0.7926735281944275,
        "max": 1.000000238418579,
        "count": 190
      },
      "meteor": {
        "mean": 0.2465656649478208,
        "std": 0.3199170004900764,
        "median": 0.11766334440753046,
        "min": 0.0,
        "max": 0.9996243425995492,
        "count": 190
      },
      "sbert_similarity": {
        "mean": 0.528933552172231,
        "std": 0.3346584946194223,
        "median": 0.4907374829053879,
        "min": -0.01538090966641903,
        "max": 1.000000238418579,
        "count": 190
      }
    },
    "category_1": {
      "exact_match": {
        "mean": 0,
        "std": 0.0,
        "median": 0.0,
        "min": 0,
        "max": 0,
        "count": 20
      },
      "f1": {
        "mean": 0.2463695469066313,
        "std": 0.27043046708276053,
        "median": 0.18695652173913044,
        "min": 0.0,
        "max": 1.0,
        "count": 20
      },
      "rouge1_f": {
        "mean": 0.28254508344439694,
        "std": 0.28588316409659903,
        "median": 0.24285714285714288,
        "min": 0.0,
        "max": 1.0,
        "count": 20
      },
      "rouge2_f": {
        "mean": 0.11554466846026948,
        "std": 0.23642400072384287,
        "median": 0.0,
        "min": 0.0,
        "max": 1.0,
        "count": 20
      },
      "rougeL_f": {
        "mean": 0.25102795729569183,
        "std": 0.2594095744511037,
        "median": 0.18695652173913044,
        "min": 0.0,
        "max": 1.0,
        "count": 20
      },
      "bleu1": {
        "mean": 0.18984762071527123,
        "std": 0.20190477374952942,
        "median": 0.12077294685990336,
        "min": 0,
        "max": 0.6065306597126334,
        "count": 20
      },
      "bleu2": {
        "mean": 0.128866971983529,
        "std": 0.1707302548357022,
        "median": 0.05980616449498438,
        "min": 0,
        "max": 0.6065306597126334,
        "count": 20
      },
      "bleu3": {
        "mean": 0.07203802024135483,
        "std": 0.10233177039451394,
        "median": 0.031106788742631713,
        "min": 0,
        "max": 0.31455283992081945,
        "count": 20
      },
      "bleu4": {
        "mean": 0.04432208981534012,
        "std": 0.05785321585048503,
        "median": 0.022914009048634977,
        "min": 0,
        "max": 0.19180183554164504,
        "count": 20
      },
      "bert_precision": {
        "mean": 0.8836079448461532,
        "std": 0.04200048628382756,
        "median": 0.8830311000347137,
        "min": 0.8108577728271484,
        "max": 0.973300576210022,
        "count": 20
      },
      "bert_recall": {
        "mean": 0.8638252675533294,
        "std": 0.0440392077984507,
        "median": 0.8617331683635712,
        "min": 0.7752869129180908,
        "max": 0.9821858406066895,
        "count": 20
      },
      "bert_f1": {
        "mean": 0.8733000129461288,
        "std": 0.039783728354470374,
        "median": 0.8740423619747162,
        "min": 0.7926735281944275,
        "max": 0.9777230620384216,
        "count": 20
      },
      "meteor": {
        "mean": 0.10134301184229749,
        "std": 0.12785116421312306,
        "median": 0.04201680672268908,
        "min": 0.0,
        "max": 0.3605769230769231,
        "count": 20
      },
      "sbert_similarity": {
        "mean": 0.525348112732172,
        "std": 0.23258884223694742,
        "median": 0.5060824155807495,
        "min": 0.17370401322841644,
        "max": 0.993301510810852,
        "count": 20
      }
    },
    "category_2": {
      "exact_match": {
        "mean": 0.029411764705882353,
        "std": 0.17149858514250885,
        "median": 0.0,
        "min": 0,
        "max": 1,
        "count": 34
      },
      "f1": {
        "mean": 0.3718310012427659,
        "std": 0.3216367067059341,
        "median": 0.3666666666666667,
        "min": 0.0,
        "max": 1.0,
        "count": 34
      },
      "rouge1_f": {
        "mean": 0.388342050106756,
        "std": 0.3089853034813074,
        "median": 0.3666666666666667,
        "min": 0.0,
        "max": 1.0,
        "count": 34
      },
      "rouge2_f": {
        "mean": 0.0261437908496732,
        "std": 0.1194162868053064,
        "median": 0.0,
        "min": 0.0,
        "max": 0.6666666666666665,
        "count": 34
      },
      "rougeL_f": {
        "mean": 0.36079769903299314,
        "std": 0.2831666900261472,
        "median": 0.3666666666666667,
        "min": 0.0,
        "max": 1.0,
        "count": 34
      },
      "bleu1": {
        "mean": 0.34066142562480695,
        "std": 0.31624829033924073,
        "median": 0.2857142857142857,
        "min": 0,
        "max": 1.0,
        "count": 34
      },
      "bleu2": {
        "mean": 0.16936183130670546,
        "std": 0.19867938064702706,
        "median": 0.08308254178281214,
        "min": 0,
        "max": 0.5985529678206387,
        "count": 34
      },
      "bleu3": {
        "mean": 0.09166489635620176,
        "std": 0.1055574104704376,
        "median": 0.055246444265280664,
        "min": 0,
        "max": 0.4261847354500941,
        "count": 34
      },