{
  "model": "gpt-4o-mini",
  "dataset": "E:\\Pycharmproject\\data/locomo10.json",
  "total_questions": 242,
  "category_distribution": {
    "1": 31,
    "3": 14,
    "2": 26,
    "4": 107,
    "5": 64
  },
  "aggregate_metrics": {
    "overall": {
      "exact_match": {
        "mean": 0.15702479338842976,
        "std": 0.36457818433742084,
        "median": 0.0,
        "min": 0,
        "max": 1,
        "count": 242
      },
      "f1": {
        "mean": 0.35910887921541274,
        "std": 0.38319163210101664,
        "median": 0.22222222222222224,
        "min": 0.0,
        "max": 1.0,
        "count": 242
      },
      "rouge1_f": {
        "mean": 0.3654900585993832,
        "std": 0.3802340113535508,
        "median": 0.22222222222222224,
        "min": 0.0,
        "max": 1.0,
        "count": 242
      },
      "rouge2_f": {
        "mean": 0.2230348614120764,
        "std": 0.36082534086999224,
        "median": 0.0,
        "min": 0.0,
        "max": 1.0,
        "count": 242
      },
      "rougeL_f": {
        "mean": 0.35948734922003045,
        "std": 0.38059220247206155,
        "median": 0.21637426900584794,
        "min": 0.0,
        "max": 1.0,
        "count": 242
      },
      "bleu1": {
        "mean": 0.30328793545547333,
        "std": 0.3647665579857342,
        "median": 0.1297887606997472,
        "min": 0,
        "max": 1.0,
        "count": 242
      },
      "bleu2": {
        "mean": 0.23094785063278642,
        "std": 0.3316260197693224,
        "median": 0.04295887183618566,
        "min": 0,
        "max": 1.0,
        "count": 242
      },
      "bleu3": {
        "mean": 0.19240198112609258,
        "std": 0.308513474928747,
        "median": 0.032005951866980104,
        "min": 0,
        "max": 1.0,
        "count": 242
      },
      "bleu4": {
        "mean": 0.1606491039817767,
        "std": 0.27900854617744153,
        "median": 0.02432542569851428,
        "min": 0,
        "max": 1.0,
        "count": 242
      },
      "bert_precision": {
        "mean": 0.8917422710864011,
        "std": 0.060555670164299844,
        "median": 0.8748701214790344,
        "min": 0.7653704881668091,
        "max": 1.0000001192092896,
        "count": 242
      },
      "bert_recall": {
        "mean": 0.8911167833923308,
        "std": 0.06544609239306119,
        "median": 0.8726406693458557,
        "min": 0.7394338846206665,
        "max": 1.0000001192092896,
        "count": 242
      },
      "bert_f1": {
        "mean": 0.8910771396534503,
        "std": 0.06073086692890502,
        "median": 0.8688095510005951,
        "min": 0.7881309390068054,
        "max": 1.0000001192092896,
        "count": 242
      },
      "meteor": {
        "mean": 0.3003981336290087,
        "std": 0.3623434592134623,
        "median": 0.1204994192799071,
        "min": 0.0,
        "max": 0.9998177842565598,
        "count": 242
      },
      "sbert_similarity": {
        "mean": 0.513677247896144,
        "std": 0.33525130359065897,
        "median": 0.4871957302093506,
        "min": -0.005524518899619579,
        "max": 1.0000001192092896,
        "count": 242
      }
    },
    "category_1": {
      "exact_match": {
        "mean": 0,
        "std": 0.0,
        "median": 0,
        "min": 0,
        "max": 0,
        "count": 31
      },
      "f1": {
        "mean": 0.24688416678054287,
        "std": 0.24240803935765856,
        "median": 0.25,
        "min": 0.0,
        "max": 0.75,
        "count": 31
      },
      "rouge1_f": {
        "mean": 0.2511566652917679,
        "std": 0.23923288783484187,
        "median": 0.23529411764705882,
        "min": 0.0,
        "max": 0.75,
        "count": 31
      },
      "rouge2_f": {
        "mean": 0.11000261360180562,
        "std": 0.18287841360780355,
        "median": 0.0,
        "min": 0.0,
        "max": 0.6666666666666666,
        "count": 31
      },
      "rougeL_f": {
        "mean": 0.2155843523001001,
        "std": 0.21922084633404615,
        "median": 0.18181818181818182,
        "min": 0.0,
        "max": 0.75,
        "count": 31
      },
      "bleu1": {
        "mean": 0.16263009631859926,
        "std": 0.16418996040902936,
        "median": 0.11111111111111109,
        "min": 0,
        "max": 0.5841005873035536,
        "count": 31
      },
      "bleu2": {
        "mean": 0.10053724421864736,
        "std": 0.13163779549679203,
        "median": 0.03726779962499649,
        "min": 0,
        "max": 0.5506953149031837,
        "count": 31
      },
      "bleu3": {
        "mean": 0.06151936149062024,
        "std": 0.09923392661900132,
        "median": 0.031926460841892726,
        "min": 0,
        "max": 0.49288611328092413,
        "count": 31
      },
      "bleu4": {
        "mean": 0.04457760830106235,
        "std": 0.07004634725455706,
        "median": 0.02432542569851428,
        "min": 0,
        "max": 0.3096787331587729,
        "count": 31
      },
      "bert_precision": {
        "mean": 0.8744214523223138,
        "std": 0.039279754524704835,
        "median": 0.8755241632461548,
        "min": 0.7984013557434082,
        "max": 0.9648126363754272,
        "count": 31
      },
      "bert_recall": {
        "mean": 0.8644494933466758,
        "std": 0.03379185001992269,
        "median": 0.8697494268417358,
        "min": 0.8064310550689697,
        "max": 0.9445732235908508,
        "count": 31
      },
      "bert_f1": {
        "mean": 0.8690423061770778,
        "std": 0.03200231012365572,
        "median": 0.8663151264190674,
        "min": 0.8063503503799438,
        "max": 0.954585611820221,
        "count": 31
      },
      "meteor": {
        "mean": 0.15653584860181205,
        "std": 0.18419126618797158,
        "median": 0.10989010989010987,
        "min": 0.0,
        "max": 0.7361111111111112,
        "count": 31
      },
      "sbert_similarity": {
        "mean": 0.46777621127905383,
        "std": 0.2567242988410418,
        "median": 0.4614773690700531,
        "min": 0.029037930071353912,
        "max": 0.8599545955657959,
        "count": 31
      }
    },
    "category_2": {
      "exact_match": {
        "mean": 0.038461538461538464,
        "std": 0.19611613513818404,
        "median": 0.0,
        "min": 0,
        "max": 1,
        "count": 26
      },
      "f1": {
        "mean": 0.26368353868353867,
        "std": 0.3366080338320074,
        "median": 0.0,
        "min": 0.0,
        "max": 1.0,
        "count": 26
      },
      "rouge1_f": {
        "mean": 0.26368353868353867,
        "std": 0.3366080338320074,
        "median": 0.0,
        "min": 0.0,
        "max": 1.0,
        "count": 26
      },
      "rouge2_f": {
        "mean": 0.0641025641025641,
        "std": 0.2313099079250033,
        "median": 0.0,
        "min": 0.0,
        "max": 1.0,
        "count": 26
      },
      "rougeL_f": {
        "mean": 0.26368353868353867,
        "std": 0.3366080338320074,
        "median": 0.0,
        "min": 0.0,
        "max": 1.0,
        "count": 26
      },
      "bleu1": {
        "mean": 0.21281928069797088,
        "std": 0.28582786390024434,
        "median": 0.0,
        "min": 0,
        "max": 1.0,
        "count": 26
      },
      "bleu2": {
        "mean": 0.1186090643748561,
        "std": 0.1907950970822678,
        "median": 0.0,
        "min": 0,
        "max": 0.7071067811865475,
        "count": 26
      },
      "bleu3": {
        "mean": 0.07728759704278874,
        "std": 0.13773246804348027,
        "median": 0.0,
        "min": 0,
        "max": 0.63287829698514,
        "count": 26
      },
      "bleu4": {
        "mean": 0.05731130834324266,