{
  "model": "gpt-4o-mini",
  "dataset": "E:\\Pycharmproject\\data/locomo10.json",
  "total_questions": 158,
  "category_distribution": {
    "2": 24,
    "1": 30,
    "3": 7,
    "4": 62,
    "5": 35
  },
  "aggregate_metrics": {
    "overall": {
      "exact_match": {
        "mean": 0.12658227848101267,
        "std": 0.3335616944661926,
        "median": 0.0,
        "min": 0,
        "max": 1,
        "count": 158
      },
      "f1": {
        "mean": 0.31408092156510414,
        "std": 0.36335166653806666,
        "median": 0.1818181818181818,
        "min": 0.0,
        "max": 1.0,
        "count": 158
      },
      "rouge1_f": {
        "mean": 0.32451641906937034,
        "std": 0.3626982598247961,
        "median": 0.18181818181818182,
        "min": 0.0,
        "max": 1.0,
        "count": 158
      },
      "rouge2_f": {
        "mean": 0.1614702377346335,
        "std": 0.31122011087981877,
        "median": 0.0,
        "min": 0.0,
        "max": 1.0,
        "count": 158
      },
      "rougeL_f": {
        "mean": 0.3146129083747204,
        "std": 0.3548314936513181,
        "median": 0.1760154738878143,
        "min": 0.0,
        "max": 1.0,
        "count": 158
      },
      "bleu1": {
        "mean": 0.2663614241559688,
        "std": 0.34875716489447495,
        "median": 0.07846153846153846,
        "min": 0,
        "max": 1.0,
        "count": 158
      },
      "bleu2": {
        "mean": 0.18020865497244082,
        "std": 0.29632197992926973,
        "median": 0.02425271448255004,
        "min": 0,
        "max": 1.0,
        "count": 158
      },
      "bleu3": {
        "mean": 0.1461900340819357,
        "std": 0.27442044827858986,
        "median": 0.017898068240981852,
        "min": 0,
        "max": 1.0,
        "count": 158
      },
      "bleu4": {
        "mean": 0.12080153755703474,
        "std": 0.2458952634420777,
        "median": 0.016182712188007015,
        "min": 0,
        "max": 1.0,
        "count": 158
      },
      "bert_precision": {
        "mean": 0.8855224364920508,
        "std": 0.05839507548396815,
        "median": 0.8744402825832367,
        "min": 0.7204996347427368,
        "max": 1.0000001192092896,
        "count": 158
      },
      "bert_recall": {
        "mean": 0.8843688757359227,
        "std": 0.06480218000034929,
        "median": 0.8712661862373352,
        "min": 0.7578474879264832,
        "max": 1.0000001192092896,
        "count": 158
      },
      "bert_f1": {
        "mean": 0.8844473739213581,
        "std": 0.05841041617423796,
        "median": 0.86550372838974,
        "min": 0.7678899168968201,
        "max": 1.0000001192092896,
        "count": 158
      },
      "meteor": {
        "mean": 0.27415775988521107,
        "std": 0.3484132444568035,
        "median": 0.09618941916389198,
        "min": 0.0,
        "max": 0.9999638310185185,
        "count": 158
      },
      "sbert_similarity": {
        "mean": 0.5026194854061815,
        "std": 0.343297456337274,
        "median": 0.48138074576854706,
        "min": -0.012116383761167526,
        "max": 1.000000238418579,
        "count": 158
      }
    },
    "category_1": {
      "exact_match": {
        "mean": 0,
        "std": 0.0,
        "median": 0.0,
        "min": 0,
        "max": 0,
        "count": 30
      },
      "f1": {
        "mean": 0.16447487295313382,
        "std": 0.25452680685609314,
        "median": 0.0,
        "min": 0.0,
        "max": 0.888888888888889,
        "count": 30
      },
      "rouge1_f": {
        "mean": 0.18043293743293742,
        "std": 0.25543815537013415,
        "median": 0.0,
        "min": 0.0,
        "max": 0.888888888888889,
        "count": 30
      },
      "rouge2_f": {
        "mean": 0.06961199661428495,
        "std": 0.1510322687467651,
        "median": 0.0,
        "min": 0.0,
        "max": 0.6666666666666666,
        "count": 30
      },
      "rougeL_f": {
        "mean": 0.15774775224775225,
        "std": 0.21834687666440364,
        "median": 0.0,
        "min": 0.0,
        "max": 0.8,
        "count": 30
      },
      "bleu1": {
        "mean": 0.11266487180094716,
        "std": 0.19190445006406262,
        "median": 0.0,
        "min": 0,
        "max": 0.6666666666666666,
        "count": 30
      },
      "bleu2": {
        "mean": 0.06773049744748526,
        "std": 0.14690949159579192,
        "median": 0.0,
        "min": 0,
        "max": 0.5773502691896257,
        "count": 30
      },
      "bleu3": {
        "mean": 0.04599446439957447,
        "std": 0.09825688828768955,
        "median": 0.0,
        "min": 0,
        "max": 0.34016320005192946,
        "count": 30
      },
      "bleu4": {
        "mean": 0.03060262159328643,
        "std": 0.06075498901476268,
        "median": 0.0,
        "min": 0,
        "max": 0.24028114141347542,
        "count": 30
      },
      "bert_precision": {
        "mean": 0.8581753333409627,
        "std": 0.045292800199037336,
        "median": 0.8524042665958405,
        "min": 0.7777762413024902,
        "max": 0.9758145809173584,
        "count": 30
      },
      "bert_recall": {
        "mean": 0.8581706702709198,
        "std": 0.050835561864197486,
        "median": 0.8521742224693298,
        "min": 0.7578474879264832,
        "max": 0.9621268510818481,
        "count": 30
      },
      "bert_f1": {
        "mean": 0.8574963827927907,
        "std": 0.04172754858332743,
        "median": 0.85235196352005,
        "min": 0.79217529296875,
        "max": 0.9684023261070251,
        "count": 30
      },
      "meteor": {
        "mean": 0.12434621309052407,
        "std": 0.19822315754281866,
        "median": 0.0,
        "min": 0.0,
        "max": 0.8928571428571429,
        "count": 30
      },
      "sbert_similarity": {
        "mean": 0.4202341914176941,
        "std": 0.24857597577984306,
        "median": 0.36884866654872894,
        "min": 0.04931950569152832,
        "max": 0.9342772960662842,
        "count": 30
      }
    },
    "category_2": {
      "exact_match": {
        "mean": 0.041666666666666664,
        "std": 0.2041241452319315,
        "median": 0.0,
        "min": 0,
        "max": 1,
        "count": 24
      },
      "f1": {
        "mean": 0.3933321308321308,
        "std": 0.3083135244074013,
        "median": 0.4,
        "min": 0.0,
        "max": 1.0,
        "count": 24
      },
      "rouge1_f": {
        "mean": 0.3933321308321308,
        "std": 0.3083135244074013,
        "median": 0.4,
        "min": 0.0,
        "max": 1.0,
        "count": 24
      },
      "rouge2_f": {
        "mean": 0.025793650793650796,
        "std": 0.08766940521864199,
        "median": 0.0,
        "min": 0.0,
        "max": 0.3333333333333333,
        "count": 24
      },
      "rougeL_f": {
        "mean": 0.3564905002405002,
        "std": 0.2720930249666773,
        "median": 0.4,
        "min": 0.0,
        "max": 1.0,
        "count": 24
      },
      "bleu1": {
        "mean": 0.3254699311743754,
        "std": 0.2981473778473936,
        "median": 0.29166666666666663,
        "min": 0,
        "max": 1.0,
        "count": 24
      },
      "bleu2": {
        "mean": 0.12079098198124001,
        "std": 0.1266945405242065,
        "median": 0.09906637802824078,
        "min": 0,
        "max": 0.4496408417513669,
        "count": 24
      },
      "bleu3": {
        "mean": 0.07449901591757127,
        "std": 0.06790148971724477,
        "median": 0.06804850438133275,
        "min": 0,
        "max": 0.2187761623949553,
        "count": 24
      },
      "bleu4": {
        "mean": 0.06321133348573914,
        "std": 0.056137437231658066,