{
  "model": "qwen3_5-flash",
  "dataset": "/home/isrc/myx/Mem-R-benchmark/data/locomo10.json",
  "total_questions": 199,
  "category_distribution": {
    "2": 37,
    "3": 13,
    "1": 32,
    "4": 70,
    "5": 47
  },
  "aggregate_metrics": {
    "overall": {
      "exact_match": {
        "mean": 0.18592964824120603,
        "std": 0.39003109831383426,
        "median": 0,
        "min": 0,
        "max": 1,
        "count": 199
      },
      "f1": {
        "mean": 0.38621251791923794,
        "std": 0.38337150654836794,
        "median": 0.2857142857142857,
        "min": 0.0,
        "max": 1.0,
        "count": 199
      },
      "rouge1_f": {
        "mean": 0.4344960634178907,
        "std": 0.39643765037642725,
        "median": 0.36363636363636365,
        "min": 0.0,
        "max": 1.0,
        "count": 199
      },
      "rouge2_f": {
        "mean": 0.2973835340966912,
        "std": 0.3971909816375715,
        "median": 0.0,
        "min": 0.0,
        "max": 1.0,
        "count": 199
      },
      "rougeL_f": {
        "mean": 0.4238073384075577,
        "std": 0.3917820366156803,
        "median": 0.3636363636363636,
        "min": 0.0,
        "max": 1.0,
        "count": 199
      },
      "bleu1": {
        "mean": 0.3639435180842522,
        "std": 0.3875113769174494,
        "median": 0.21470779802151024,
        "min": 0,
        "max": 1.0,
        "count": 199
      },
      "bleu2": {
        "mean": 0.29364520017571016,
        "std": 0.36763464954354286,
        "median": 0.11058327718742045,
        "min": 0,
        "max": 1.0,
        "count": 199
      },
      "bleu3": {
        "mean": 0.2275068438123138,
        "std": 0.31729750293861547,
        "median": 0.0712114757473708,
        "min": 0,
        "max": 1.0,
        "count": 199
      },
      "bleu4": {
        "mean": 0.17357498244529293,
        "std": 0.25742371375055956,
        "median": 0.048746715608426264,
        "min": 0,
        "max": 1.0,
        "count": 199
      },
      "bert_precision": {
        "mean": 0.9102938717334115,
        "std": 0.06123047827251162,
        "median": 0.8882370591163635,
        "min": 0.776675820350647,
        "max": 1.0000001192092896,
        "count": 199
      },
      "bert_recall": {
        "mean": 0.8999676003528001,
        "std": 0.06700538607853412,
        "median": 0.8816184997558594,
        "min": 0.7347403764724731,
        "max": 1.0000001192092896,
        "count": 199
      },
      "bert_f1": {
        "mean": 0.9045802019349295,
        "std": 0.0609054540034121,
        "median": 0.8906435370445251,
        "min": 0.7939961552619934,
        "max": 1.0000001192092896,
        "count": 199
      },
      "meteor": {
        "mean": 0.338048174804516,
        "std": 0.3721907701265877,
        "median": 0.18018018018018017,
        "min": 0.0,
        "max": 0.9976851851851852,
        "count": 199
      },
      "sbert_similarity": {
        "mean": 0.7103958664527491,
        "std": 0.21669353008300932,
        "median": 0.7244164943695068,
        "min": 0.3278551399707794,
        "max": 1.0000001192092896,
        "count": 199
      }
    },
    "category_1": {
      "exact_match": {
        "mean": 0.03125,
        "std": 0.1767766952966369,
        "median": 0.0,
        "min": 0,
        "max": 1,
        "count": 32
      },
      "f1": {
        "mean": 0.20256787228294582,
        "std": 0.22763975139263953,
        "median": 0.19090909090909092,
        "min": 0.0,
        "max": 0.75,
        "count": 32
      },
      "rouge1_f": {
        "mean": 0.32188865180593124,
        "std": 0.32202851690824924,
        "median": 0.2540106951871658,
        "min": 0.0,
        "max": 1.0,
        "count": 32
      },
      "rouge2_f": {
        "mean": 0.08459201388888889,
        "std": 0.22133204304719512,
        "median": 0.0,
        "min": 0.0,
        "max": 1.0,
        "count": 32
      },
      "rougeL_f": {
        "mean": 0.29138269942497885,
        "std": 0.2809352435892179,
        "median": 0.21764705882352942,
        "min": 0.0,
        "max": 1.0,
        "count": 32
      },
      "bleu1": {
        "mean": 0.2731574314578695,
        "std": 0.3071196468551352,
        "median": 0.17530319362619393,
        "min": 0,
        "max": 1.0,
        "count": 32
      },
      "bleu2": {
        "mean": 0.15987157703298438,
        "std": 0.25297069735159444,
        "median": 0.05372136049732795,
        "min": 0,
        "max": 1.0,
        "count": 32
      },
      "bleu3": {
        "mean": 0.08855112756518185,
        "std": 0.12169856009996469,
        "median": 0.03378830098740762,
        "min": 0,
        "max": 0.46773514128719823,
        "count": 32
      },
      "bleu4": {
        "mean": 0.06606111977425211,
        "std": 0.09158753091798444,
        "median": 0.025878499030503915,
        "min": 0,
        "max": 0.36409302398068727,
        "count": 32
      },
      "bert_precision": {
        "mean": 0.8792168535292149,
        "std": 0.05698725281865203,
        "median": 0.8747021555900574,
        "min": 0.776675820350647,
        "max": 0.9992302060127258,
        "count": 32
      },
      "bert_recall": {
        "mean": 0.8785814736038446,
        "std": 0.05586294887356034,
        "median": 0.8719354569911957,
        "min": 0.7831271886825562,
        "max": 0.9992302060127258,
        "count": 32
      },
      "bert_f1": {
        "mean": 0.8781868014484644,
        "std": 0.050899321678576706,
        "median": 0.8649305999279022,
        "min": 0.811259388923645,
        "max": 0.9992302060127258,
        "count": 32
      },
      "meteor": {
        "mean": 0.15077959370571148,
        "std": 0.21642704571502003,
        "median": 0.034722222222222224,
        "min": 0.0,
        "max": 0.9375,
        "count": 32
      },
      "sbert_similarity": {
        "mean": 0.6868440490216017,
        "std": 0.16154050321308266,
        "median": 0.6837942004203796,
        "min": 0.386829674243927,
        "max": 0.9925346374511719,
        "count": 32
      }
    },
    "category_2": {
      "exact_match": {
        "mean": 0.5675675675675675,
        "std": 0.5022472023339227,
        "median": 1,
        "min": 0,
        "max": 1,
        "count": 37
      },
      "f1": {
        "mean": 0.8002268752268752,
        "std": 0.2911204134644469,
        "median": 1.0,
        "min": 0.0,
        "max": 1.0,
        "count": 37
      },
      "rouge1_f": {
        "mean": 0.7675675675675676,
        "std": 0.3146772943466928,
        "median": 1.0,
        "min": 0.0,
        "max": 1.0,
        "count": 37
      },
      "rouge2_f": {
        "mean": 0.6191763191763192,
        "std": 0.4095460903353278,
        "median": 0.5714285714285715,
        "min": 0.0,
        "max": 1.0,
        "count": 37
      },
      "rougeL_f": {
        "mean": 0.7675675675675676,
        "std": 0.3146772943466928,
        "median": 1.0,
        "min": 0.0,
        "max": 1.0,
        "count": 37
      },
      "bleu1": {
        "mean": 0.6967895281988702,
        "std": 0.3807756602641014,
        "median": 1.0,
        "min": 0,
        "max": 1.0,
        "count": 37
      },
      "bleu2": {
        "mean": 0.6195291435483263,
        "std": 0.39312952665617495,
        "median": 0.5773502691896257,
        "min": 0,
        "max": 1.0,
        "count": 37
      },
      "bleu3": {
        "mean": 0.49763674428058463,
        "std": 0.37982207979947014,
        "median": 0.4091569047284194,
        "min": 0,
        "max": 1.0,
        "count": 37
      },
      "bleu4": {
        "mean": 0.36848477850927563,
        "std": 0.32872946343292914,
        "median": 0.24028114141347542,
        "min": 0,
        "max": 1.0,
        "count": 37
      },
      "bert_precision": {
        "mean": 0.971212807539347,
        "std": 0.04607534805525711,
        "median": 0.9999999403953552,
        "min": 0.8004453778266907,
        "max": 1.0000001192092896,