{
  "model": "qwen3_5-flash",
  "dataset": "/home/isrc/myx/Mem-R-benchmark/data/locomo10.json",
  "sample_idx": 4,
  "total_questions": 242,
  "category_distribution": {
    "1": 31,
    "3": 14,
    "2": 26,
    "4": 107,
    "5": 64
  },
  "aggregate_metrics": {
    "overall": {
      "exact_match": {
        "mean": 0.1446280991735537,
        "std": 0.3524544438289793,
        "median": 0.0,
        "min": 0,
        "max": 1,
        "count": 242
      },
      "f1": {
        "mean": 0.29684209556454894,
        "std": 0.3522466512355173,
        "median": 0.16025641025641024,
        "min": 0.0,
        "max": 1.0,
        "count": 242
      },
      "rouge1_f": {
        "mean": 0.4008123531467969,
        "std": 0.3919798907213926,
        "median": 0.3333333333333333,
        "min": 0.0,
        "max": 1.0,
        "count": 242
      },
      "rouge2_f": {
        "mean": 0.20272434138945872,
        "std": 0.3391239705574199,
        "median": 0.0,
        "min": 0.0,
        "max": 1.0,
        "count": 242
      },
      "rougeL_f": {
        "mean": 0.39199950857495863,
        "std": 0.38986170109744644,
        "median": 0.2765151515151515,
        "min": 0.0,
        "max": 1.0,
        "count": 242
      },
      "bleu1": {
        "mean": 0.3096914296080576,
        "std": 0.36543975787822175,
        "median": 0.1353352832366127,
        "min": 0,
        "max": 1.0,
        "count": 242
      },
      "bleu2": {
        "mean": 0.20831438022294918,
        "std": 0.29430722844790186,
        "median": 0.048795003647426664,
        "min": 0,
        "max": 1.0,
        "count": 242
      },
      "bleu3": {
        "mean": 0.15686140080916555,
        "std": 0.2443817625492325,
        "median": 0.03568202806002257,
        "min": 0,
        "max": 1.0,
        "count": 242
      },
      "bleu4": {
        "mean": 0.12024312910649819,
        "std": 0.195467044468738,
        "median": 0.027151910234819422,
        "min": 0,
        "max": 1.0,
        "count": 242
      },
      "bert_precision": {
        "mean": 0.8971899590216392,
        "std": 0.06718015679706472,
        "median": 0.8929714262485504,
        "min": 0.7503947019577026,
        "max": 1.0000001192092896,
        "count": 242
      },
      "bert_recall": {
        "mean": 0.883573959189013,
        "std": 0.06959365033311274,
        "median": 0.8599231243133545,
        "min": 0.7271595597267151,
        "max": 1.0000001192092896,
        "count": 242
      },
      "bert_f1": {
        "mean": 0.8899379296243684,
        "std": 0.06607129290180677,
        "median": 0.8698190450668335,
        "min": 0.7617397904396057,
        "max": 1.0000001192092896,
        "count": 242
      },
      "meteor": {
        "mean": 0.2733531370872316,
        "std": 0.32537157347203666,
        "median": 0.12347560975609756,
        "min": 0.0,
        "max": 0.9976851851851852,
        "count": 242
      },
      "sbert_similarity": {
        "mean": 0.6843018739922972,
        "std": 0.22212754663555503,
        "median": 0.6897610425949097,
        "min": 0.26495087146759033,
        "max": 1.0000001192092896,
        "count": 242
      }
    },
    "category_1": {
      "exact_match": {
        "mean": 0,
        "std": 0.0,
        "median": 0,
        "min": 0,
        "max": 0,
        "count": 31
      },
      "f1": {
        "mean": 0.206145635416254,
        "std": 0.22723378662151691,
        "median": 0.18604651162790697,
        "min": 0.0,
        "max": 0.8,
        "count": 31
      },
      "rouge1_f": {
        "mean": 0.3261968278680466,
        "std": 0.2953331958990273,
        "median": 0.31578947368421056,
        "min": 0.0,
        "max": 0.8571428571428571,
        "count": 31
      },
      "rouge2_f": {
        "mean": 0.14965445075012315,
        "std": 0.24735900604010314,
        "median": 0.0,
        "min": 0.0,
        "max": 0.8,
        "count": 31
      },
      "rougeL_f": {
        "mean": 0.30978675944184914,
        "std": 0.2907771726750622,
        "median": 0.22222222222222224,
        "min": 0.0,
        "max": 0.8571428571428571,
        "count": 31
      },
      "bleu1": {
        "mean": 0.15633602162792265,
        "std": 0.16763247491488018,
        "median": 0.09697196786440505,
        "min": 0,
        "max": 0.513417119032592,
        "count": 31
      },
      "bleu2": {
        "mean": 0.09858871539391474,
        "std": 0.12709072601645607,
        "median": 0.06856953606192479,
        "min": 0,
        "max": 0.513417119032592,
        "count": 31
      },
      "bleu3": {
        "mean": 0.06542424273595086,
        "std": 0.10193593755464514,
        "median": 0.036083305085921745,
        "min": 0,
        "max": 0.513417119032592,
        "count": 31
      },
      "bleu4": {
        "mean": 0.045346733063396566,
        "std": 0.061903956668736174,
        "median": 0.02542254141389555,
        "min": 0,
        "max": 0.288715663092199,
        "count": 31
      },
      "bert_precision": {
        "mean": 0.8819793731935562,
        "std": 0.052609585804490676,
        "median": 0.8947145938873291,
        "min": 0.7836792469024658,
        "max": 0.9997292160987854,
        "count": 31
      },
      "bert_recall": {
        "mean": 0.8605331547798649,
        "std": 0.04398640230215395,
        "median": 0.8567895889282227,
        "min": 0.7759233117103577,
        "max": 0.9997292160987854,
        "count": 31
      },
      "bert_f1": {
        "mean": 0.8706664173833786,
        "std": 0.04409918402191392,
        "median": 0.8737395405769348,
        "min": 0.7889972925186157,
        "max": 0.9997292160987854,
        "count": 31
      },
      "meteor": {
        "mean": 0.18288057942294664,
        "std": 0.21077200672013416,
        "median": 0.10416666666666666,
        "min": 0.0,
        "max": 0.754985754985755,
        "count": 31
      },
      "sbert_similarity": {
        "mean": 0.6604572659538638,
        "std": 0.16334099258413617,
        "median": 0.677097499370575,
        "min": 0.36921775341033936,
        "max": 0.9410465955734253,
        "count": 31
      }
    },
    "category_2": {
      "exact_match": {
        "mean": 0.19230769230769232,
        "std": 0.4019184762342502,
        "median": 0.0,
        "min": 0,
        "max": 1,
        "count": 26
      },
      "f1": {
        "mean": 0.40374988259603645,
        "std": 0.4225766625479937,
        "median": 0.3435897435897436,
        "min": 0.0,
        "max": 1.0,
        "count": 26
      },
      "rouge1_f": {
        "mean": 0.4441142191142191,
        "std": 0.44531647559750315,
        "median": 0.34848484848484845,
        "min": 0.0,
        "max": 1.0,
        "count": 26
      },
      "rouge2_f": {
        "mean": 0.1282051282051282,
        "std": 0.31378581622109447,
        "median": 0.0,
        "min": 0.0,
        "max": 1.0,
        "count": 26
      },
      "rougeL_f": {
        "mean": 0.41847319347319345,
        "std": 0.42055279097453174,
        "median": 0.34848484848484845,
        "min": 0.0,
        "max": 1.0,
        "count": 26
      },
      "bleu1": {
        "mean": 0.3862374752087181,
        "std": 0.40251262044449354,
        "median": 0.40551043685792976,
        "min": 0,
        "max": 1.0,
        "count": 26
      },
      "bleu2": {
        "mean": 0.17052192708175576,
        "std": 0.2328959635765369,
        "median": 0.10623488937305368,
        "min": 0,
        "max": 1.0,
        "count": 26
      },
      "bleu3": {
        "mean": 0.10688257024365645,
        "std": 0.12426965860716127,
        "median": 0.08287069074945219,
        "min": 0,
        "max": 0.46773514128719823,
        "count": 26
      },
      "bleu4": {
        "mean": 0.08506759988808688,
        "std": 0.09296156139353412,
        "median": 0.07268344947393574,
        "min": 0,
        "max": 0.316227766016838,
        "count": 26
      },