{
  "model": "qwen3_5-flash",
  "dataset": "/home/isrc/myx/Mem-R-benchmark/data/locomo10.json",
  "sample_idx": 0,
  "total_questions": 199,
  "category_distribution": {
    "2": 37,
    "3": 13,
    "1": 32,
    "4": 70,
    "5": 47
  },
  "aggregate_metrics": {
    "overall": {
      "exact_match": {
        "mean": 0.20100502512562815,
        "std": 0.40176252467999907,
        "median": 0,
        "min": 0,
        "max": 1,
        "count": 199
      },
      "f1": {
        "mean": 0.39659534647358224,
        "std": 0.3844602008223996,
        "median": 0.2727272727272727,
        "min": 0.0,
        "max": 1.0,
        "count": 199
      },
      "rouge1_f": {
        "mean": 0.4336162899348732,
        "std": 0.39479896872221637,
        "median": 0.33333333333333337,
        "min": 0.0,
        "max": 1.0,
        "count": 199
      },
      "rouge2_f": {
        "mean": 0.2947214253090958,
        "std": 0.39417998942880733,
        "median": 0.0,
        "min": 0.0,
        "max": 1.0,
        "count": 199
      },
      "rougeL_f": {
        "mean": 0.4254137831480656,
        "std": 0.39320229788426103,
        "median": 0.3333333333333333,
        "min": 0.0,
        "max": 1.0,
        "count": 199
      },
      "bleu1": {
        "mean": 0.36533835239455026,
        "std": 0.3898956606801856,
        "median": 0.2,
        "min": 0,
        "max": 1.0,
        "count": 199
      },
      "bleu2": {
        "mean": 0.29671156578696345,
        "std": 0.3697133748158495,
        "median": 0.09250379442961536,
        "min": 0,
        "max": 1.0,
        "count": 199
      },
      "bleu3": {
        "mean": 0.23549123785485798,
        "std": 0.3298153056499119,
        "median": 0.05665132701906204,
        "min": 0,
        "max": 1.0,
        "count": 199
      },
      "bleu4": {
        "mean": 0.18138137988391595,
        "std": 0.2742025902148126,
        "median": 0.04279677428117006,
        "min": 0,
        "max": 1.0,
        "count": 199
      },
      "bert_precision": {
        "mean": 0.9096884793705411,
        "std": 0.06497322820633006,
        "median": 0.8928798735141754,
        "min": 0.7915206551551819,
        "max": 1.0000001192092896,
        "count": 198
      },
      "bert_recall": {
        "mean": 0.9020499602110699,
        "std": 0.07218869471452237,
        "median": 0.8890272974967957,
        "min": 0.7240138053894043,
        "max": 1.0000001192092896,
        "count": 198
      },
      "bert_f1": {
        "mean": 0.9008371838972197,
        "std": 0.091946151359529,
        "median": 0.8944311141967773,
        "min": 0.0,
        "max": 1.0000001192092896,
        "count": 199
      },
      "meteor": {
        "mean": 0.3440771844398224,
        "std": 0.3778671914681701,
        "median": 0.1851851851851852,
        "min": 0.0,
        "max": 0.9997724169321802,
        "count": 199
      },
      "sbert_similarity": {
        "mean": 0.7122923194164008,
        "std": 0.22230060288940218,
        "median": 0.7175655961036682,
        "min": 0.0,
        "max": 1.0000001192092896,
        "count": 199
      }
    },
    "category_1": {
      "exact_match": {
        "mean": 0.03125,
        "std": 0.1767766952966369,
        "median": 0.0,
        "min": 0,
        "max": 1,
        "count": 32
      },
      "f1": {
        "mean": 0.16179413161848732,
        "std": 0.24660636072243367,
        "median": 0.0,
        "min": 0.0,
        "max": 1.0,
        "count": 32
      },
      "rouge1_f": {
        "mean": 0.1935609323972811,
        "std": 0.2909499239393833,
        "median": 0.0,
        "min": 0.0,
        "max": 1.0,
        "count": 32
      },
      "rouge2_f": {
        "mean": 0.020078502415458936,
        "std": 0.07074592967603902,
        "median": 0.0,
        "min": 0.0,
        "max": 0.3333333333333333,
        "count": 32
      },
      "rougeL_f": {
        "mean": 0.1806442657306144,
        "std": 0.2643143004313315,
        "median": 0.0,
        "min": 0.0,
        "max": 1.0,
        "count": 32
      },
      "bleu1": {
        "mean": 0.17902331835308344,
        "std": 0.2786616389119287,
        "median": 0.04223227752639517,
        "min": 0,
        "max": 1.0,
        "count": 32
      },
      "bleu2": {
        "mean": 0.09106582769772995,
        "std": 0.18187500730913025,
        "median": 0.012546695209781753,
        "min": 0,
        "max": 0.8660254037844387,
        "count": 32
      },
      "bleu3": {
        "mean": 0.046961969230696184,
        "std": 0.07712230936859556,
        "median": 0.008452319665155614,
        "min": 0,
        "max": 0.2960194196579458,
        "count": 32
      },
      "bleu4": {
        "mean": 0.034464312719050136,
        "std": 0.05458322844807582,
        "median": 0.006522641743466829,
        "min": 0,
        "max": 0.1880301546543197,
        "count": 32
      },
      "bert_precision": {
        "mean": 0.883351132273674,
        "std": 0.05458576907491684,
        "median": 0.8708541989326477,
        "min": 0.8028903603553772,
        "max": 0.9999999403953552,
        "count": 32
      },
      "bert_recall": {
        "mean": 0.8725506365299225,
        "std": 0.0590112894005104,
        "median": 0.8630479276180267,
        "min": 0.800348162651062,
        "max": 0.9999999403953552,
        "count": 32
      },
      "bert_f1": {
        "mean": 0.8774309866130352,
        "std": 0.05317384483100495,
        "median": 0.8608667850494385,
        "min": 0.8169135451316833,
        "max": 0.9999999403953552,
        "count": 32
      },
      "meteor": {
        "mean": 0.0839450597191781,
        "std": 0.15055461551570862,
        "median": 0.0,
        "min": 0.0,
        "max": 0.5,
        "count": 32
      },
      "sbert_similarity": {
        "mean": 0.5961088882759213,
        "std": 0.16463069203065644,
        "median": 0.62042036652565,
        "min": 0.3759428858757019,
        "max": 1.0000001192092896,
        "count": 32
      }
    },
    "category_2": {
      "exact_match": {
        "mean": 0.5405405405405406,
        "std": 0.5052279240652235,
        "median": 1,
        "min": 0,
        "max": 1,
        "count": 37
      },
      "f1": {
        "mean": 0.7895769395769396,
        "std": 0.30429493296640603,
        "median": 1.0,
        "min": 0.0,
        "max": 1.0,
        "count": 37
      },
      "rouge1_f": {
        "mean": 0.7375375375375375,
        "std": 0.3450646681141613,
        "median": 1.0,
        "min": 0.0,
        "max": 1.0,
        "count": 37
      },
      "rouge2_f": {
        "mean": 0.6236808236808237,
        "std": 0.41264573303353896,
        "median": 0.6,
        "min": 0.0,
        "max": 1.0,
        "count": 37
      },
      "rougeL_f": {
        "mean": 0.7375375375375375,
        "std": 0.3450646681141613,
        "median": 1.0,
        "min": 0.0,
        "max": 1.0,
        "count": 37
      },
      "bleu1": {
        "mean": 0.6747361732609661,
        "std": 0.3945685437050382,
        "median": 1.0,
        "min": 0,
        "max": 1.0,
        "count": 37
      },
      "bleu2": {
        "mean": 0.6193214664648664,
        "std": 0.40445076132000524,
        "median": 0.7071067811865476,
        "min": 0,
        "max": 1.0,
        "count": 37
      },
      "bleu3": {
        "mean": 0.516752228313828,
        "std": 0.39182070133089913,
        "median": 0.46773514128719823,
        "min": 0,
        "max": 1.0,
        "count": 37
      },
      "bleu4": {
        "mean": 0.3951239600912256,
        "std": 0.3455802266913528,
        "median": 0.316227766016838,
        "min": 0,
        "max": 1.0,
        "count": 37
      },
      "bert_precision": {
        "mean": 0.9716690150467125,
        "std": 0.04783929284767889,
        "median": 0.9999998807907104,
        "min": 0.7915206551551819,
        "max": 1.0000001192092896,
        "count": 37
      },
      "bert_recall": {
        "mean": 0.9529107776848046,