{
  "model": "qwen3_5-flash",
  "dataset": "/home/isrc/myx/Mem-R-benchmark/data/locomo10.json",
  "sample_idx": 3,
  "total_questions": 260,
  "category_distribution": {
    "3": 11,
    "1": 37,
    "2": 40,
    "4": 111,
    "5": 61
  },
  "aggregate_metrics": {
    "overall": {
      "exact_match": {
        "mean": 0.13076923076923078,
        "std": 0.33779803745361536,
        "median": 0.0,
        "min": 0,
        "max": 1,
        "count": 260
      },
      "f1": {
        "mean": 0.30756383308377533,
        "std": 0.35896985191978037,
        "median": 0.15384615384615385,
        "min": 0.0,
        "max": 1.0,
        "count": 260
      },
      "rouge1_f": {
        "mean": 0.34868540964342576,
        "std": 0.38577130416511096,
        "median": 0.2222222222222222,
        "min": 0.0,
        "max": 1.0,
        "count": 260
      },
      "rouge2_f": {
        "mean": 0.2118155065172371,
        "std": 0.3501046109826591,
        "median": 0.0,
        "min": 0.0,
        "max": 1.0,
        "count": 260
      },
      "rougeL_f": {
        "mean": 0.34434365632276426,
        "std": 0.38510063858735755,
        "median": 0.2222222222222222,
        "min": 0.0,
        "max": 1.0,
        "count": 260
      },
      "bleu1": {
        "mean": 0.280110391906048,
        "std": 0.3594787778809714,
        "median": 0.07950403777348786,
        "min": 0,
        "max": 1.0,
        "count": 260
      },
      "bleu2": {
        "mean": 0.21056201091467994,
        "std": 0.31451992186153377,
        "median": 0.026584320979782528,
        "min": 0,
        "max": 1.0,
        "count": 260
      },
      "bleu3": {
        "mean": 0.148810034390654,
        "std": 0.24381067817579788,
        "median": 0.01946781815172486,
        "min": 0,
        "max": 1.0,
        "count": 260
      },
      "bleu4": {
        "mean": 0.11311842666806138,
        "std": 0.20141662641314412,
        "median": 0.01562800152789078,
        "min": 0,
        "max": 1.0,
        "count": 260
      },
      "bert_precision": {
        "mean": 0.8967474091511506,
        "std": 0.06620975774079467,
        "median": 0.8811993300914764,
        "min": 0.7567763328552246,
        "max": 1.000000238418579,
        "count": 260
      },
      "bert_recall": {
        "mean": 0.8858719392464711,
        "std": 0.07292823131991993,
        "median": 0.8733189105987549,
        "min": 0.737611711025238,
        "max": 1.000000238418579,
        "count": 260
      },
      "bert_f1": {
        "mean": 0.8907790167973592,
        "std": 0.06677801855948953,
        "median": 0.8761038184165955,
        "min": 0.774721622467041,
        "max": 1.000000238418579,
        "count": 260
      },
      "meteor": {
        "mean": 0.26237923795511714,
        "std": 0.3429551448623449,
        "median": 0.08083441981747067,
        "min": 0.0,
        "max": 0.9993141289437586,
        "count": 260
      },
      "sbert_similarity": {
        "mean": 0.6630821082454461,
        "std": 0.2250734464431668,
        "median": 0.655360609292984,
        "min": 0.2483879029750824,
        "max": 1.000000238418579,
        "count": 260
      }
    },
    "category_1": {
      "exact_match": {
        "mean": 0.02702702702702703,
        "std": 0.1643989873053573,
        "median": 0,
        "min": 0,
        "max": 1,
        "count": 37
      },
      "f1": {
        "mean": 0.1569331960251632,
        "std": 0.20065053790891185,
        "median": 0.0625,
        "min": 0.0,
        "max": 0.6896551724137931,
        "count": 37
      },
      "rouge1_f": {
        "mean": 0.1990676385837676,
        "std": 0.27638846764988223,
        "median": 0.0,
        "min": 0.0,
        "max": 1.0,
        "count": 37
      },
      "rouge2_f": {
        "mean": 0.06203586410482962,
        "std": 0.14121805724826172,
        "median": 0.0,
        "min": 0.0,
        "max": 0.5454545454545454,
        "count": 37
      },
      "rougeL_f": {
        "mean": 0.19418445628123046,
        "std": 0.2763289073387611,
        "median": 0.0,
        "min": 0.0,
        "max": 1.0,
        "count": 37
      },
      "bleu1": {
        "mean": 0.10997362497160555,
        "std": 0.20350206072868113,
        "median": 0,
        "min": 0,
        "max": 1.0,
        "count": 37
      },
      "bleu2": {
        "mean": 0.05821463729015084,
        "std": 0.10354702220368703,
        "median": 0,
        "min": 0,
        "max": 0.3630407264452067,
        "count": 37
      },
      "bleu3": {
        "mean": 0.03764376245009666,
        "std": 0.06819517523073258,
        "median": 0,
        "min": 0,
        "max": 0.25849410875199974,
        "count": 37
      },
      "bleu4": {
        "mean": 0.025828096090363593,
        "std": 0.04525756151705319,
        "median": 0,
        "min": 0,
        "max": 0.1778279410038923,
        "count": 37
      },
      "bert_precision": {
        "mean": 0.8961041746912776,
        "std": 0.05663760387540279,
        "median": 0.9006730318069458,
        "min": 0.8156003355979919,
        "max": 0.9992879033088684,
        "count": 37
      },
      "bert_recall": {
        "mean": 0.873136454337352,
        "std": 0.07388227700725104,
        "median": 0.8864268064498901,
        "min": 0.7534375190734863,
        "max": 0.9992879033088684,
        "count": 37
      },
      "bert_f1": {
        "mean": 0.8839883449915293,
        "std": 0.06290932277207553,
        "median": 0.8789601922035217,
        "min": 0.7842856049537659,
        "max": 0.9992879033088684,
        "count": 37
      },
      "meteor": {
        "mean": 0.0876049209056923,
        "std": 0.14824753576264746,
        "median": 0.0,
        "min": 0.0,
        "max": 0.5,
        "count": 37
      },
      "sbert_similarity": {
        "mean": 0.6250231064654685,
        "std": 0.15896684526307545,
        "median": 0.6029435396194458,
        "min": 0.31768059730529785,
        "max": 0.9347938299179077,
        "count": 37
      }
    },
    "category_2": {
      "exact_match": {
        "mean": 0,
        "std": 0.0,
        "median": 0.0,
        "min": 0,
        "max": 0,
        "count": 40
      },
      "f1": {
        "mean": 0.48466791378556084,
        "std": 0.3335261184241712,
        "median": 0.5714285714285714,
        "min": 0.0,
        "max": 0.9090909090909091,
        "count": 40
      },
      "rouge1_f": {
        "mean": 0.4296582584082584,
        "std": 0.3537505912549752,
        "median": 0.33333333333333337,
        "min": 0.0,
        "max": 1.0,
        "count": 40
      },
      "rouge2_f": {
        "mean": 0.26065656565656564,
        "std": 0.34814486303748776,
        "median": 0.0,
        "min": 0.0,
        "max": 1.0,
        "count": 40
      },
      "rougeL_f": {
        "mean": 0.4219659507159507,
        "std": 0.34949706521113033,
        "median": 0.33333333333333337,
        "min": 0.0,
        "max": 1.0,
        "count": 40
      },
      "bleu1": {
        "mean": 0.31257353364858353,
        "std": 0.29007464995195986,
        "median": 0.24442188509563154,
        "min": 0,
        "max": 0.7165313105737893,
        "count": 40
      },
      "bleu2": {
        "mean": 0.22183705684512642,
        "std": 0.24060719521474125,
        "median": 0.09189544367357153,
        "min": 0,
        "max": 0.7165313105737893,
        "count": 40
      },
      "bleu3": {
        "mean": 0.16450077375369615,
        "std": 0.1895541120616079,
        "median": 0.08171915921274117,
        "min": 0,
        "max": 0.7165313105737893,
        "count": 40
      },
      "bleu4": {
        "mean": 0.10843466930375481,
        "std": 0.12335152670781725,
        "median": 0.08087825853494648,
        "min": 0,
        "max": 0.5698363775444273,
        "count": 40
      },
      "bert_precision": {
        "mean": 0.9255875021219253,
        "std": 0.058660820474427416,
        "median": 0.940654844045639,
        "min": 0.7567763328552246,