{
  "model": "qwen3_5-flash",
  "dataset": "/home/isrc/myx/Mem-R-benchmark/data/locomo10.json",
  "sample_idx": 1,
  "total_questions": 105,
  "category_distribution": {
    "2": 26,
    "4": 44,
    "1": 11,
    "5": 24
  },
  "aggregate_metrics": {
    "overall": {
      "exact_match": {
        "mean": 0.09523809523809523,
        "std": 0.2949514146369483,
        "median": 0,
        "min": 0,
        "max": 1,
        "count": 105
      },
      "f1": {
        "mean": 0.3487738063279034,
        "std": 0.36418080290346133,
        "median": 0.2222222222222222,
        "min": 0.0,
        "max": 1.0,
        "count": 105
      },
      "rouge1_f": {
        "mean": 0.4637407925925781,
        "std": 0.3895082919352151,
        "median": 0.5,
        "min": 0.0,
        "max": 1.0,
        "count": 105
      },
      "rouge2_f": {
        "mean": 0.30399991594475234,
        "std": 0.3909166257906429,
        "median": 0.0,
        "min": 0.0,
        "max": 1.0,
        "count": 105
      },
      "rougeL_f": {
        "mean": 0.4575195323713179,
        "std": 0.39065626048466773,
        "median": 0.5,
        "min": 0.0,
        "max": 1.0,
        "count": 105
      },
      "bleu1": {
        "mean": 0.3197333641730795,
        "std": 0.3403584473872232,
        "median": 0.15384615384615385,
        "min": 0,
        "max": 1.0,
        "count": 105
      },
      "bleu2": {
        "mean": 0.22258281079261835,
        "std": 0.2965476315250799,
        "median": 0.08574929257125444,
        "min": 0,
        "max": 1.0,
        "count": 105
      },
      "bleu3": {
        "mean": 0.15902378227164723,
        "std": 0.24366775867343343,
        "median": 0.04649288856043541,
        "min": 0,
        "max": 1.0,
        "count": 105
      },
      "bleu4": {
        "mean": 0.12411577507905165,
        "std": 0.2027798499281299,
        "median": 0.040824829046386304,
        "min": 0,
        "max": 1.0,
        "count": 105
      },
      "bert_precision": {
        "mean": 0.9003133894159243,
        "std": 0.06234153980169416,
        "median": 0.8981346487998962,
        "min": 0.7599382400512695,
        "max": 1.0,
        "count": 104
      },
      "bert_recall": {
        "mean": 0.9006273259337132,
        "std": 0.059418400078796556,
        "median": 0.8948220312595367,
        "min": 0.8007912635803223,
        "max": 1.0,
        "count": 104
      },
      "bert_f1": {
        "mean": 0.891457070055462,
        "std": 0.10499062097377129,
        "median": 0.882189154624939,
        "min": 0.0,
        "max": 1.0,
        "count": 105
      },
      "meteor": {
        "mean": 0.2887350414142794,
        "std": 0.3141764393450485,
        "median": 0.2380952380952381,
        "min": 0.0,
        "max": 0.9921875,
        "count": 105
      },
      "sbert_similarity": {
        "mean": 0.7084008077780406,
        "std": 0.21533026802158534,
        "median": 0.7477403879165649,
        "min": 0.0,
        "max": 1.000000238418579,
        "count": 105
      }
    },
    "category_1": {
      "exact_match": {
        "mean": 0.09090909090909091,
        "std": 0.30151134457776363,
        "median": 0,
        "min": 0,
        "max": 1,
        "count": 11
      },
      "f1": {
        "mean": 0.1826392961876833,
        "std": 0.3100175382637183,
        "median": 0.0,
        "min": 0.0,
        "max": 1.0,
        "count": 11
      },
      "rouge1_f": {
        "mean": 0.32226485635576546,
        "std": 0.34311177389693115,
        "median": 0.18181818181818182,
        "min": 0.0,
        "max": 1.0,
        "count": 11
      },
      "rouge2_f": {
        "mean": 0.05895316804407714,
        "std": 0.12620303460588764,
        "median": 0.0,
        "min": 0.0,
        "max": 0.4,
        "count": 11
      },
      "rougeL_f": {
        "mean": 0.3029811097992916,
        "std": 0.3400783920326978,
        "median": 0.13636363636363635,
        "min": 0.0,
        "max": 1.0,
        "count": 11
      },
      "bleu1": {
        "mean": 0.17731529292542678,
        "std": 0.3155913384760251,
        "median": 0.029858242066679905,
        "min": 0,
        "max": 1.0,
        "count": 11
      },
      "bleu2": {
        "mean": 0.0716898775177676,
        "std": 0.10913128607594443,
        "median": 0.008801090360567313,
        "min": 0,
        "max": 0.316227766016838,
        "count": 11
      },
      "bleu3": {
        "mean": 0.045370284602170116,
        "std": 0.07737175992296821,
        "median": 0.005160405740596849,
        "min": 0,
        "max": 0.2187761623949553,
        "count": 11
      },
      "bleu4": {
        "mean": 0.03608420271957192,
        "std": 0.0643975038827551,
        "median": 0.0038512732886767636,
        "min": 0,
        "max": 0.1778279410038923,
        "count": 11
      },
      "bert_precision": {
        "mean": 0.8877314746379852,
        "std": 0.0580441087323493,
        "median": 0.880654901266098,
        "min": 0.8162988424301147,
        "max": 1.0,
        "count": 10
      },
      "bert_recall": {
        "mean": 0.874835866689682,
        "std": 0.06279619239864505,
        "median": 0.8566190600395203,
        "min": 0.8052815198898315,
        "max": 1.0,
        "count": 10
      },
      "bert_f1": {
        "mean": 0.8009144013578241,
        "std": 0.27139811353114845,
        "median": 0.873745858669281,
        "min": 0.0,
        "max": 1.0,
        "count": 11
      },
      "meteor": {
        "mean": 0.13433963272133026,
        "std": 0.18516788828898148,
        "median": 0.06872852233676977,
        "min": 0.0,
        "max": 0.5,
        "count": 11
      },
      "sbert_similarity": {
        "mean": 0.5872319720008157,
        "std": 0.26928387514597535,
        "median": 0.5456540584564209,
        "min": 0.0,
        "max": 0.9999998807907104,
        "count": 11
      }
    },
    "category_2": {
      "exact_match": {
        "mean": 0.11538461538461539,
        "std": 0.3258125936084211,
        "median": 0.0,
        "min": 0,
        "max": 1,
        "count": 26
      },
      "f1": {
        "mean": 0.681931743470205,
        "std": 0.27675578502423964,
        "median": 0.6969696969696968,
        "min": 0.0,
        "max": 1.0,
        "count": 26
      },
      "rouge1_f": {
        "mean": 0.7596153846153846,
        "std": 0.3165850097147184,
        "median": 0.8,
        "min": 0.0,
        "max": 1.0,
        "count": 26
      },
      "rouge2_f": {
        "mean": 0.673076923076923,
        "std": 0.3843631651642008,
        "median": 0.6666666666666666,
        "min": 0.0,
        "max": 1.0,
        "count": 26
      },
      "rougeL_f": {
        "mean": 0.7596153846153846,
        "std": 0.3165850097147184,
        "median": 0.8,
        "min": 0.0,
        "max": 1.0,
        "count": 26
      },
      "bleu1": {
        "mean": 0.5804469434198005,
        "std": 0.27450427065967853,
        "median": 0.6666666666666666,
        "min": 0,
        "max": 1.0,
        "count": 26
      },
      "bleu2": {
        "mean": 0.3717190011071434,
        "std": 0.30092311393409577,
        "median": 0.2798406383565437,
        "min": 0,
        "max": 1.0,
        "count": 26
      },
      "bleu3": {
        "mean": 0.26768282945397415,
        "std": 0.2856538900355163,
        "median": 0.16215878893918326,
        "min": 0,
        "max": 1.0,
        "count": 26
      },
      "bleu4": {
        "mean": 0.19870589588195092,
        "std": 0.21115233081681137,
        "median": 0.13512001548070346,
        "min": 0,
        "max": 1.0,
        "count": 26
      },
      "bert_precision": {
        "mean": 0.9402890411707071,
        "std": 0.0558766783141109,
        "median": 0.9717046022415161,
        "min": 0.8122746348381042,
        "max": 1.0,
        "count": 26
      },
      "bert_recall": {
        "mean": 0.9368664874480321,
        "std": 0.04844426894652631,
        "median": 0.9564755260944366,