{
  "model": "qwen3_5-flash",
  "dataset": "/home/isrc/myx/Mem-R-benchmark/data/locomo10.json",
  "sample_idx": 2,
  "total_questions": 193,
  "category_distribution": {
    "2": 27,
    "1": 31,
    "3": 8,
    "4": 86,
    "5": 41
  },
  "aggregate_metrics": {
    "overall": {
      "exact_match": {
        "mean": 0.21243523316062177,
        "std": 0.41009498036287345,
        "median": 0,
        "min": 0,
        "max": 1,
        "count": 193
      },
      "f1": {
        "mean": 0.37494394975119955,
        "std": 0.3925054525241425,
        "median": 0.25,
        "min": 0.0,
        "max": 1.0,
        "count": 193
      },
      "rouge1_f": {
        "mean": 0.44800095518546246,
        "std": 0.4087606178544702,
        "median": 0.3636363636363636,
        "min": 0.0,
        "max": 1.0,
        "count": 193
      },
      "rouge2_f": {
        "mean": 0.2674903135875226,
        "std": 0.38619679969155835,
        "median": 0.0,
        "min": 0.0,
        "max": 1.0,
        "count": 193
      },
      "rougeL_f": {
        "mean": 0.44022673323416034,
        "std": 0.40472146461613007,
        "median": 0.3636363636363636,
        "min": 0.0,
        "max": 1.0,
        "count": 193
      },
      "bleu1": {
        "mean": 0.3695500322443652,
        "std": 0.4013342837600884,
        "median": 0.17647058823529413,
        "min": 0,
        "max": 1.0,
        "count": 193
      },
      "bleu2": {
        "mean": 0.27425757904032383,
        "std": 0.35344586443487586,
        "median": 0.0820849986238988,
        "min": 0,
        "max": 1.0,
        "count": 193
      },
      "bleu3": {
        "mean": 0.21822988736457927,
        "std": 0.3153605194918102,
        "median": 0.045856046346674784,
        "min": 0,
        "max": 1.0,
        "count": 193
      },
      "bleu4": {
        "mean": 0.1768493512529956,
        "std": 0.28342840506541667,
        "median": 0.034222269664256,
        "min": 0,
        "max": 1.0,
        "count": 193
      },
      "bert_precision": {
        "mean": 0.9082604683935642,
        "std": 0.06457502483758129,
        "median": 0.9003318548202515,
        "min": 0.7933470010757446,
        "max": 1.0000001192092896,
        "count": 192
      },
      "bert_recall": {
        "mean": 0.8989266427233815,
        "std": 0.07091997204000053,
        "median": 0.8788005411624908,
        "min": 0.75911545753479,
        "max": 1.0000001192092896,
        "count": 192
      },
      "bert_f1": {
        "mean": 0.898516305987699,
        "std": 0.0922257212906111,
        "median": 0.885343611240387,
        "min": 0.0,
        "max": 1.0000001192092896,
        "count": 193
      },
      "meteor": {
        "mean": 0.33222972041296744,
        "std": 0.3696482796063567,
        "median": 0.16129032258064518,
        "min": 0.0,
        "max": 0.999898229187869,
        "count": 193
      },
      "sbert_similarity": {
        "mean": 0.7140258335233353,
        "std": 0.22840784569539974,
        "median": 0.7206522226333618,
        "min": 0.0,
        "max": 1.000000238418579,
        "count": 193
      }
    },
    "category_1": {
      "exact_match": {
        "mean": 0,
        "std": 0.0,
        "median": 0,
        "min": 0,
        "max": 0,
        "count": 31
      },
      "f1": {
        "mean": 0.19127787471650345,
        "std": 0.20498087220617622,
        "median": 0.14285714285714288,
        "min": 0.0,
        "max": 0.6666666666666666,
        "count": 31
      },
      "rouge1_f": {
        "mean": 0.3529065021000505,
        "std": 0.32500394811384326,
        "median": 0.28571428571428575,
        "min": 0.0,
        "max": 1.0,
        "count": 31
      },
      "rouge2_f": {
        "mean": 0.11684587813620072,
        "std": 0.22521815610979817,
        "median": 0.0,
        "min": 0.0,
        "max": 0.8,
        "count": 31
      },
      "rougeL_f": {
        "mean": 0.336777469841986,
        "std": 0.30351655499377017,
        "median": 0.28571428571428575,
        "min": 0.0,
        "max": 0.8571428571428571,
        "count": 31
      },
      "bleu1": {
        "mean": 0.1988149017842725,
        "std": 0.23644504343938497,
        "median": 0.1353352832366127,
        "min": 0,
        "max": 1.0,
        "count": 31
      },
      "bleu2": {
        "mean": 0.1215677777543653,
        "std": 0.16676958441337714,
        "median": 0.04279677428117006,
        "min": 0,
        "max": 0.7165313105737893,
        "count": 31
      },
      "bleu3": {
        "mean": 0.08715061558574609,
        "std": 0.146905098984206,
        "median": 0.02960813390314045,
        "min": 0,
        "max": 0.7165313105737893,
        "count": 31
      },
      "bleu4": {
        "mean": 0.058347100703004556,
        "std": 0.08657519969144446,
        "median": 0.024066394763145416,
        "min": 0,
        "max": 0.40293516672844226,
        "count": 31
      },
      "bert_precision": {
        "mean": 0.8904869248790126,
        "std": 0.044066405596739966,
        "median": 0.8834387063980103,
        "min": 0.8271051645278931,
        "max": 0.9992431998252869,
        "count": 31
      },
      "bert_recall": {
        "mean": 0.8565729164308117,
        "std": 0.049134865263409495,
        "median": 0.8505952954292297,
        "min": 0.7865980863571167,
        "max": 0.9992431998252869,
        "count": 31
      },
      "bert_f1": {
        "mean": 0.8726975571724677,
        "std": 0.041838386140443204,
        "median": 0.8652783632278442,
        "min": 0.8163701295852661,
        "max": 0.9992431998252869,
        "count": 31
      },
      "meteor": {
        "mean": 0.13898538293208634,
        "std": 0.21023882703865565,
        "median": 0.0,
        "min": 0.0,
        "max": 0.754985754985755,
        "count": 31
      },
      "sbert_similarity": {
        "mean": 0.6668117930812221,
        "std": 0.1397143606117599,
        "median": 0.6684008836746216,
        "min": 0.37135446071624756,
        "max": 0.9767047762870789,
        "count": 31
      }
    },
    "category_2": {
      "exact_match": {
        "mean": 0.2962962962962963,
        "std": 0.4653216269680752,
        "median": 0,
        "min": 0,
        "max": 1,
        "count": 27
      },
      "f1": {
        "mean": 0.6188221243776799,
        "std": 0.37086757844852064,
        "median": 0.75,
        "min": 0.0,
        "max": 1.0,
        "count": 27
      },
      "rouge1_f": {
        "mean": 0.6277777777777778,
        "std": 0.3721329144041225,
        "median": 0.6666666666666666,
        "min": 0.0,
        "max": 1.0,
        "count": 27
      },
      "rouge2_f": {
        "mean": 0.4005291005291005,
        "std": 0.44970741371590006,
        "median": 0.0,
        "min": 0.0,
        "max": 1.0,
        "count": 27
      },
      "rougeL_f": {
        "mean": 0.6154320987654321,
        "std": 0.3647656408931562,
        "median": 0.6666666666666666,
        "min": 0.0,
        "max": 1.0,
        "count": 27
      },
      "bleu1": {
        "mean": 0.4858795775750451,
        "std": 0.40329851206329226,
        "median": 0.36787944117144233,
        "min": 0,
        "max": 1.0,
        "count": 27
      },
      "bleu2": {
        "mean": 0.3844954861143084,
        "std": 0.4068559923285592,
        "median": 0.16022127184500068,
        "min": 0,
        "max": 1.0,
        "count": 27
      },
      "bleu3": {
        "mean": 0.33992268051387303,
        "std": 0.3875772207049862,
        "median": 0.12470827561623474,
        "min": 0,
        "max": 1.0,
        "count": 27
      },
      "bleu4": {
        "mean": 0.3010499651544698,
        "std": 0.3906515509171911,
        "median": 0.11362193664674995,
        "min": 0,
        "max": 1.0,
        "count": 27
      },
      "bert_precision": {
        "mean": 0.9497934248712327,
        "std": 0.04674956520826438,
        "median": 0.9534705877304077,
        "min": 0.8413032293319702,